Date,Company,Category,Victim website,Victim country,Attacker name,Ransom demand,Exfiltrated data amount,Exfiltrated data type:,Leaked data:,Ransom deadline:,Generalize,,,,,,,,,,,,,,
01-01-2023,EDS AUTOMOTIVE GMBH,Motor Vehicle Manufacturing,eds-automotive.de,Germany,LockBit3.0,$ 100000,N/A,Miscellaneous documents,70% of the total amount exfiltrated,01st Jan 23,Manufacture,,,,,,,,,,,,,,
01-01-2023,CDER,Pharmaceutical Manufacturing,cder.fr,France,Play,N/A,5 GB,"Personal, private data, clients? documents, agreements, passports, id etc.",All exfiltrated data,08th Jan 23,Manufacture,,,,,,,,,,,,,,
02-01-2023,STRATACACHE,IT/Technology,stratacache.com,USA,Play,N/A,89 GB,"Personal, private data, tax forms, employee forms, i-9, w-4, passports, SSN,",All exfiltrated data,04th Jan 23,IT,,,,,,,,,,,,,,
02-01-2023,SUNY POLYTECHNIC INSTITUTE,Education,sunypoly.edu,USA,Play,N/A,5 GB,"Private, personal data, SSN, IDs, passports, confident contracts etc.",All exfiltrated data,04th Jan 23,Service,,,,,,,,,,,,,,
03-01-2023,UTC AEROSPACE SYSTEMS | BOMBARDIER,Aviation and Aerospace Component Manufacturing,collinsaerospace.com|bombardier.com,Canada,Everest,N/A,N/A,"Corporate email access, Personal data of employees, department, internal","All exfiltrated data on sale for $30,000",N/A,Manufacture,,,,,,,,,,,,,,
03-01-2023,SIRIUS SHIPPING,Transportation,siriusshipping.eu,Sweden,Play,N/A,270 GB,"Personal documents, private data, forms, agreement, passports, crew lists,",All exfiltrated data,04th Jan 23,Service,,,,,,,,,,,,,,
03-01-2023,FURETANK,Logistics,furetank.se,Sweden,Play,N/A,48 GB,"Personal documents, private data, forms, agreement, contracts, IDs, shipment",All exfiltrated data,04th Jan 23,Service,,,,,,,,,,,,,,
03-01-2023,TARNTANK SHIP MANAGEMENT,Transportation & Logistics,terntank.com,Sweden,Play,N/A,5 GB,"Waybills, cargo information, personal documents, private data, contracts,",All exfiltrated data amount,04th Jan 23,Logistics,,,,,,,,,,,,,,
03-01-2023,DENTAL ONE,Medical,dental1.com.au,Australia,BlackCat,N/A,6 GB,Miscellaneous documents,Sample with screenshots of miscellaneous documents,N/A,Medical,,,,,,,,,,,,,,
04-01-2023,COMMUNITY ACTION PARTNERSHIP OF MADERA COUNTY (CAPMC),Social Services,maderacap.org,USA,BlackByte,"$ 200,000",N/A,Miscellaneous documents,Sample with screenshots of miscellaneous documents,N/A,Service,,,,,,,,,,,,,,
05-01-2023,ELLISON TECHNOLOGIES,IT/Technology,ellisontechnologies.com,USA,BlackByte,"$ 500,000",N/A,Miscellaneous documents,Sample with screenshots of miscellaneous documents,N/A,IT,,,,,,,,,,,,,,
05-01-2023,SUZHOU DONGSHAN PRECISION MANUFACTURING,Industrial Machinery Manufacturing,dsbj.com,China,Play,N/A,N/A,N/A,/,N/A,Manufacture,,,,,,,,,,,,,,
05-01-2023,HAYWARD,Business,hayward-pool.com,USA,BlackByte,N/A,N/A,N/A,All the exfiltrated data,N/A,Service,,,,,,,,,,,,,,
05-01-2023,KANSAS CITY HOMES,Real estate,kansascityhomes.com,USA,BlackByte,N/A,N/A,N/A,All the exfiltrated data,N/A,Service,,,,,,,,,,,,,,
06-01-2023,BAY AREA RAPID TRANSIT,Transportation,bart.Public Sector,USA,Vice Society,N/A,"120,000 files","Unredacted reports detailing suspected child abuse, including the children?s",All the exfiltrated data,N/A,Service,,,,,,,,,,,,,,
06-01-2023,CONSULATE HEALTH CARE,Health Care,consulatehc.com,USA,Hive,N/A,550 GB,"Contracts and other agreements documents company private info (budgets, plans,",All the exfiltrated data,N/A,Medical,,,,,,,,,,,,,,
06-01-2023,LETMEREPAIR,IT/Technology,letmerepair.com,Belgium,Vice Society,N/A,N/A,Miscellaneous documents,Sample with miscellaneous documents,N/A,IT,,,,,,,,,,,,,,
06-01-2023,PROQUINAL SPRADLING GROU,Floor manufacturing,proquinal.com,Colombia,Vice Society,N/A,N/A,Miscellaneous documents,Sample with miscellaneous documents,N/A,Service,,,,,,,,,,,,,,
06-01-2023,SUB-DRILL SUPPLY,Oil and Gas,sub-drill.com,USA,Vice Society,N/A,N/A,Miscellaneous documents,Sample with miscellaneous documents,N/A,Oil and Gas,,,,,,,,,,,,,,
06-01-2023,BEVOLUTION GROUP,Food manufacturing,bevolutiongroup.com,USA,Royal,N/A,N/A,Miscellaneous documents,20% of the total amount exfiltrated,N/A,Service,,,,,,,,,,,,,,
06-01-2023,LEK / HABO,Machinery Manufacturing,lekhabo.nl,Netherlands,Royal,N/A,N/A,N/A,/,N/A,Manufacture,,,,,,,,,,,,,,
07-01-2023,PENDULUM ASSOCIATES,Financial Services,pendulum.com.mx,Mexico,BlackCat,N/A,N/A,"Over 30,000 of client?s personal data",100% of the exfiltrated data,N/A,Service,,,,,,,,,,,,,,
07-01-2023,BUFFCO PRODUCTION,Oil and Gas,buffcoproduction.com,USA,BlackCat,N/A,956 GB,"Internal Company Data (Employees personal data, CV?s, DL?s, ID?s, SSN?s,",Sample with screenshots of miscellaneous documents,N/A,Oil and Gas,,,,,,,,,,,,,,
07-01-2023,AYUNTAMIENTO DE JU?REZ,Public Sector,juarez.gob.mx,Mexico,LockBit3.0,N/A,N/A,N/A,All the exfiltrated data,19th Jan 23,public sector,,,,,,,,,,,,,,
07-01-2023,CITY LIT,College,citylit.ac.uk,United Kingdom,Vice Society,N/A,N/A,Miscellaneous documents,Sample with files tree,N/A,Education,,,,,,,,,,,,,,
07-01-2023,GRUPO ESTRATEGAS EMM,Insurance,estrategas.com.mx,Mexico,BlackCat,N/A,N/A,"Information about inner documentation and all your clients ? Afirme, Banorte,",/,N/A,Insurance,,,,,,,,,,,,,,
07-01-2023,PARK VIEW,School,parkview.haringey.sch.uk,United Kingdom,Vice Society,N/A,N/A,Miscellaneous documents,Sample with files tree,N/A,Education,,,,,,,,,,,,,,
07-01-2023,100% BANCO,Bank,100x100banco.com,Venezuela,LockBit3.0,N/A,N/A,Miscellaneous documents,All the exfiltrated data,19th Jan 23,Bank,,,,,,,,,,,,,,
07-01-2023,DUTY FREE PHILIPPINES,Retail,dfp.com.ph,Philippines,Vice Society,N/A,N/A,Miscellaneous documents,Sample with files tree,N/A,Service,,,,,,,,,,,,,,
07-01-2023,SWIFT ACADEMIES,School,swiftacademies.org.uk,UNITED KINGDOM,Vice Society,N/A,N/A,Miscellaneous documents,Sample with files tree,N/A,Education,,,,,,,,,,,,,,
07-01-2023,TAKAMIYA,Business,takamiya.co,Japan,LockBit3.0,N/A,N/A,N/A,All the exfiltrated data,21st Jan 23,Service,,,,,,,,,,,,,,
08-01-2023,FRUTTAGEL,Food manufacturing,fruttagel.it,Italy,BlackCat,N/A,755 GB,"Financial and corporate documents, customer data from bank cards",Screenshots with sample of miscellaneous and PII documents,N/A,Service,,,,,,,,,,,,,,
08-01-2023,KOO WEE RUP SECONDARY COLLEGE,School,kwrsc.vic.edu.au,Australia,BlackCat,N/A,105 GB,"school private info (security cameras records, budgets, plans, evaluations,",/,N/A,Education,,,,,,,,,,,,,,
08-01-2023,MILLENNIA,Engineering,millennia.pro,US,LockBit3.0,"$ 300,000",22.44 GB,N/A,All the exfiltrated data,10th Feb 23,Service,,,,,,,,,,,,,,
08-01-2023,ASIAN REINSURANCE CORPORATION,Insurance,asianrecorp.com,Thailand,LockBit3.0,"$ 30,000",N/A,N/A,All the exfiltrated data,29th Jan 23,Insurance,,,,,,,,,,,,,,
08-01-2023,ORDER EXPRESS,Financial Services,orderexpress.com.mx,Mexico,Cl0p,N/A,N/A,"Information about many people, business process and practice",Sample with screenshots of PII documents,19th Sep 23,Service,,,,,,,,,,,,,,
08-01-2023,LOESCH,Wholesale,loeschgroup.de,Germany,Cl0p,N/A,N/A,Miscellaneous documents,All the exfiltrated data,N/A,Service,,,,,,,,,,,,,,
08-01-2023,SOFTEQ,IT/Technology,softeq.com,USA,Cl0p,N/A,N/A,Miscellaneous documents,All the exfiltrated data,N/A,IT,,,,,,,,,,,,,,
09-01-2023,AVIACODE,Medical,aviacode.com,USA,0mega,N/A,235 GB,Miscellaneous documents,All the exfiltrated data,Expired,Medical,,,,,,,,,,,,,,
09-01-2023,RIVER CITY SCIENCE ACADEMY,Education,rivercityscience.org,USA,Karakurt,N/A,63 GB,"financials, executive and accounting information as well as a great amount of",All the exfiltrated data,N/A,Service,,,,,,,,,,,,,,
10-01-2023,DATAIR,Software and finance,datair.com,USA,LockBit3.0,$ 250000,N/A,N/A,/,15th Jan 23,IT,,,,,,,,,,,,,,
10-01-2023,CHESTERTONS INC.,Real estate,chestertons.co.uk,United Kingdom,Lorenz,N/A,N/A,Miscellaneous documents,All the exfiltrated data,Expired,Service,,,,,,,,,,,,,,
10-01-2023,SHELCO,Construction,shelcollc.com,USA,Lorenz,N/A,N/A,Miscellaneous documents,95% of the total exfiltrated data,N/A,Service,,,,,,,,,,,,,,
10-01-2023,THOR SPECIALTIES,Chemical Manufacturing,thorsp.com,USA,Lorenz,N/A,N/A,Miscellaneous documents,80% of the total exfiltrated data,N/A,Manufacture,,,,,,,,,,,,,,
11-01-2023,CIRCLEVILLE MUNICIPAL COURT,Law,circlevillecourt.com,USA,LockBit3.0,"$ 199,000",500 GB,Customer data. Nanny criminals. Case information. And much more.,All the exfiltrated data,Expired,Law,,,,,,,,,,,,,,
11-01-2023,TIME TECHNOPLAST LIMITED,Packaging and Containers Manufacturing,timetechnoplast.com,India,BlackCat,N/A,150 GB,Financial documents and reports ? Analytical and strategic documents ?,Sample with screenshots of miscellaneous documents,N/A,Manufacture,,,,,,,,,,,,,,
11-01-2023,G.W. BECKER,Machinery Manufacturing,gwbcrane.com,USA,Hive,N/A,N/A,N/A,All the exfiltrated data,N/A,Manufacture,,,,,,,,,,,,,,
11-01-2023,ADIVA CO.,Automobile Manufacturing,adiva-tw.com,Taiwan,Mallox,N/A,800 MB,N/A,All the exfiltrated data,N/A,Manufacture,,,,,,,,,,,,,,
12-01-2023,AIR COMM CORPORATION,Aviation and Aerospace Component Manufacturing,aircommcorp.com,USA,BlackCat,N/A,1 TB,"Personal data, databases, manufacturing and clients? documents, also we have",/,19th Jan 23,Manufacture,,,,,,,,,,,,,,
12-01-2023,IMI HYDRONIC ENGINEERING,Wholesale Building Materials,imi-hydronic.com,Switzerland,RansomHouse,N/A,"1,5 TB",Confidential or research data,Sample with evidence packs,N/A,Service,,,,,,,,,,,,,,
12-01-2023,RUSSELL FINEX,Mechanical Or Industrial Engineering,russellfinex.com,United Kingdom,LockBit3.0,$ 250000,"4,09 GB",Miscellaneous documents,Sample with screenshots of miscellaneous documents,26th Jan 23,Service,,,,,,,,,,,,,,
12-01-2023,M?LLER GARTENBAU & PLANUNG AG,Plantation,muellergartenbau.ch,Switzerland,LockBit3.0,$ 100000,N/A,N/A,Sample with screenshots of miscellaneous documents,27th Jan 23,Service,,,,,,,,,,,,,,
12-01-2023,LIDESTRI,Food and Beverage,lidestrifoodanddrink.com,USA,LockBit3.0,$ 400000,N/A,N/A,Sample with screenshots of miscellaneous documents,26th Jan 23,Service,,,,,,,,,,,,,,
12-01-2023,VERSTEDEN,Search Engines & PortalsBusiness,versteden.com,Netherlands,LockBit3.0,$ 200000,"22,28 GB",Miscellaneous documents,All the exfiltrated data,26th Jan 23,Service,,,,,,,,,,,,,,
12-01-2023,PHYSICIAN PARTNERS OF AMERICA,Medical,physicianpartnersofamerica.com,USA,Snatch,N/A,N/A,N/A,Sample with screenshots of PHI documents,N/A,Medical,,,,,,,,,,,,,,
12-01-2023,NUXE,Fashion & Beauty,nuxe.com,France,LockBit3.0,N/A,N/A,N/A,All the exfiltrated data,28th Jan 23,Service,,,,,,,,,,,,,,
12-01-2023,LLOYD DOWSON,Finance,lloyddowson.co.uk,United Kingdom,LockBit3.0,N/A,N/A,N/A,/,N/A,Bank,,,,,,,,,,,,,,
13-01-2023,FU YU CORPORATION,Public Sector,fuyucorp.com,Singapore,BlackCat,N/A,386 GB,Miscellaneous documents,All the exfiltrated data,Expired,Public Sector,,,,,,,,,,,,,,
13-01-2023,LIEBRA PERMANA,Apparel & Fashion,liebrapermana.com,Indonesia,BlackCat,N/A,820 GB,"Financial documents and reports, analytical and strategic documents,",Sample with screenshots of miscellaneous and PII documents,N/A,Service,,,,,,,,,,,,,,
13-01-2023,TRANS MALDIVIAN AIRWAYS,Airlines and Aviation,transmaldivian.com,Maldives,RansomHouse,$ 250000,350 GB,Confidential data,Sample with evidence packs,N/A,Aviation,,,,,,,,,,,,,,
13-01-2023,FUJIKURA-ELECTRONICS.CO.TH,"Electrical, and Electronics Manufacturing",fujikura-electronics.co.th,Thailand,LockBit3.0,"$ 130,000","33,24 GB",N/A,Sample with screenshots of several folders,07th Jan 23,Manufacture,,,,,,,,,,,,,,
13-01-2023,T A SUPPLY,Building Materials Manufacturing,tasupply.com,USA,Play,N/A,N/A,N/A,Sample with internal documents,N/A,Manufacture,,,,,,,,,,,,,,
13-01-2023,CHINERY AND DOUGLAS,Law,lvcdlaw.com,USA,Play,N/A,N/A,N/A,Sample with working documents,N/A,Law,,,,,,,,,,,,,,
13-01-2023,RUHRPUMPEN,Industrial Machinery Manufacturing,ruhrpumpen.com,Germany,Play,N/A,N/A,N/A,"Sample with passports, finance, internal documents",N/A,Manufacture,,,,,,,,,,,,,,
14-01-2023,SAMUELS AND SON SEAFOOD,Food,samuelsseafood.com,USA,Royal,N/A,230 GB,Miscellaneous documents,100% of the exfiltrated data,N/A,Service,,,,,,,,,,,,,,
14-01-2023,HOLOVIS,Entertainment,holovis.com,United Kingdom,RansomHouse,N/A,150 GB,Confidential data,Sample with evidence packs,N/A,Service,,,,,,,,,,,,,,
14-01-2023,CENTRAL TEXAS COLLEGE,College,ctcd.edu,USA,Vice Society,N/A,N/A,Miscellaneous documents,Sample with files tree and several,N/A,Education,,,,,,,,,,,,,,
14-01-2023,TIMCO,Product,timco.co.uk,United Kingdom,Vice Society,N/A,N/A,Miscellaneous documents,Sample with files tree and several,N/A,Service,,,,,,,,,,,,,,
14-01-2023,K2 SPORTS,Sports business,k2sports.com,USA,BlackByte,N/A,N/A,N/A,/,N/A,Service,,,,,,,,,,,,,,
15-01-2023,DAYTON PROGRESS,Business,daytonprogress.de,United Kingdom,Play,N/A,67 GB,"Private and personal confidential data, customer documents, stampings schemes,",100% of the exfiltrated data,N/A,Service,,,,,,,,,,,,,,
15-01-2023,HILLS SALVAGE AND RECYCLING,Motor Vehicle Manufacturing,hills-motors.co.uk,United Kingdom,Royal,N/A,"5,1 GB",Miscellaneous documents,100% of the exfiltrated data,N/A,Manufacture,,,,,,,,,,,,,,
15-01-2023,MATRIX GLOBAL SCHOOLS,Schools,matrixschools.edu.my,Malaysia,LockBit3.0,N/A,N/A,Miscellaneous documents,100% of the exfiltrated data,03rd Feb 23,Education,,,,,,,,,,,,,,
15-01-2023,EL SEIF DEVELOPMENT,Engineering and construction,elseif.com.sa,Saudi Arabia,Mallox,N/A,18 GB,Miscellaneous documents,100% of the exfiltrated data,N/A,Service,,,,,,,,,,,,,,
16-01-2023,ARNOLD CLARK,Transportation,arnoldclark.com,United Kingdom,Play,N/A,467 GB,"Private and personal data, passports, IDs, confidential contracts, agreements,",10% of the exfiltrated data,N/A,Service,,,,,,,,,,,,,,
16-01-2023,ARC,Printing service,e-arc.com,USA,BlackByte,"$ 350,000",N/A,Miscellaneous documents,Sample with screenshots of miscellaneous and PII documents,N/A,Service,,,,,,,,,,,,,,
16-01-2023,AL ABDUL KARIM & CO,Retail,ak.com.sa,Saudi Arabia,LockBit3.0,N/A,2 GB,Miscellaneous documents,100% of the exfiltrated data,02nd Feb 23,Service,,,,,,,,,,,,,,
16-01-2023,ATCUAE,Truck transportation,atcuae.ae,UAE,LockBit3.0,N/A,1 GB,"Miscellaneous, including financial documents",100% of the exfiltrated data,04th Feb 23,Logistics,,,,,,,,,,,,,,
16-01-2023,FULFILMENT MATTERS,"Transportation, Logistics, Supply Chain and Storage",fulfilmentmatters.co.uk,United Kingdom,LockBit3.0,N/A,5 GB,N/A,100% of the exfiltrated data,30th Jan 23,Logistics,,,,,,,,,,,,,,
16-01-2023,MELODY SHIPPING AGENCIES,Maritime,melody.com.tr,Turkey,LockBit3.0,N/A,N/A,Miscellaneous documents,Sample with files tree and several downloadable folders,03rd Feb 23,Service,,,,,,,,,,,,,,
16-01-2023,R C STEVENS CONSTRUCTION,Construction,rcstevens.com,USA,Hive,N/A,N/A,N/A,100% of the exfiltrated data,N/A,Service,,,,,,,,,,,,,,
17-01-2023,AUTODELTA,Automotive,autodelta.pt,Portugal,Royal,N/A,200 GB,Miscellaneous documents,20% of the exfiltrated data,N/A,Service,,,,,,,,,,,,,,
17-01-2023,POLITRIZ,Chemical Manufacturing,politriz.ind.br,Brazil,LockBit3.0,N/A,N/A,N/A,100% of the exfiltrated data,N/A,Manufacture,,,,,,,,,,,,,,
17-01-2023,YAYLA ENERJI URETIM TURIZM VE INSAAT TICARET (YAYLA),Energy,yayla.tc,Turkey,Mallox,N/A,"43,6 MB",Miscellaneous documents,Sample with a downloadable folder,N/A,Service,,,,,,,,,,,,,,
17-01-2023,CARINYA CHRISTIAN SCHOOL,School,carinya.nsw.edu.au,Australia,Royal,N/A,N/A,N/A,10% of the exfiltrated data,N/A,Education,,,,,,,,,,,,,,
17-01-2023,WESTS?CHSISCHE HOCHSCHULE ZWICKAU,University,fh-zwickau.de,Germany,Royal,N/A,N/A,N/A,/,N/A,Education,,,,,,,,,,,,,,
18-01-2023,LIVINGSTON,Business,livingstonintl.com,Canada,Royal,N/A,N/A,Miscellaneous documents,"Sample with employee documents, finance, network structure",N/A,Service,,,,,,,,,,,,,,
18-01-2023,ALHAMBRA-EIDOS,IT/Technology,alhambra-eidos.com,Spain,Mallox,N/A,"3,01 GB",N/A,Sample with a downloadable folder,N/A,IT,,,,,,,,,,,,,,
19-01-2023,PAYROLL2U,Human Resources Services,payroll2u.com,,LockBit3.0,$ 90000 USD,500 gb,,Contracts and source code samples,,Service,,,,,,,,,,,,,,
19-01-2023,DUOMED GROUP,Medical Equipment Manufacturing,duomed.com,,LockBit3.0,$ 200000 USD,N/A,,/,,Manufacture,,,,,,,,,,,,,,
19-01-2023,FRESH DEL MONTE,Food and Beverage Services,freshdelmonte.com,,BlackCat,N/A,N/A,,Screenshots of PII available,,Service,,,,,,,,,,,,,,
19-01-2023,NEXTGEN,Medical,/,,BlackCat,N/A,N/A,,Screenshots of PII available,,Medical,,,,,,,,,,,,,,
19-01-2023,PHARMACARE,Pharma,/,,BlackCat,N/A,N/A,,Screenshots of PII available,,Pharma,,,,,,,,,,,,,,
19-01-2023,K AZAROSIAN COSTELLO,Law,Kazcolaw.com,,Royal,N/A,N/A,,/,,Law,,,,,,,,,,,,,,
20-01-2023,MONMOUTH COLLEGE,College,monmouthcollege.edu,,Vice Society,N/A,N/A,,/,,Education,,,,,,,,,,,,,,
20-01-2023,UNIVERSITY OF DUISBURG-ESSEN,University,uni-due.de,,Vice Society,N/A,N/A,,/,,Education,,,,,,,,,,,,,,
20-01-2023,TON VAN KUYK,Motor Vehicle Manufacturing,tvk.nl,,LockBit3.0,N/A,N/A,,/,,Manufacture,,,,,,,,,,,,,,
21-01-2023,IBB BUSINESS TEAM,Financial Services,ibb-business-team.de,,LockBit3.0,N/A,240 gb,,Screenshots of PII available,,Service,,,,,,,,,,,,,,
21-01-2023,MIGUEL MECHANICAL SERVICES LIMITED,Oil and Gas,miguelmechanical.com,,LockBit3.0,N/A,N/A,,Sample of stolen data,,Oil and Gas,,,,,,,,,,,,,,
21-01-2023,CLOUDCALL,IT/Technology,cloudcall.com.au,,Vice Society,N/A,N/A,,Sample of stolen data,,IT,,,,,,,,,,,,,,
21-01-2023,EMONEY HOME LOANS,Financial Services,emoneyhomeloans.com.au,,Vice Society,N/A,N/A,,Sample of stolen data,,Service,,,,,,,,,,,,,,
21-01-2023,CADEMET,Business,cadmet.com,,Royal,N/A,N/A,,/,,Service,,,,,,,,,,,,,,
21-01-2023,PILLAR RESOURCE SERVICES,Construction,pillar.ca,,Royal,N/A,N/A,,/,,Service,,,,,,,,,,,,,,
22-01-2023,IBB BUSINESS TEAM,Financial Services,ibb-business-team.de,,LockBit3.0,N/A,240 gb,,Screenshots of PII available,,Bank,,,,,,,,,,,,,,
22-01-2023,MIGUEL MECHANICAL SERVICES LIMITED,Oil and Gas,miguelmechanical.com,,LockBit3.0,N/A,N/A,,Sample of stolen data,,Oil and Gas,,,,,,,,,,,,,,
22-01-2023,CLOUDCALL,IT/Technology,cloudcall.com.au,,Vice Society,N/A,N/A,,Sample of stolen data,,IT,,,,,,,,,,,,,,
22-01-2023,EMONEY HOME LOANS,Financial Services,emoneyhomeloans.com.au,,Vice Society,N/A,N/A,,Sample of stolen data,,Service,,,,,,,,,,,,,,
22-01-2023,CADEMET,Business,cadmet.com,,Royal,N/A,N/A,,/,,Service,,,,,,,,,,,,,,
22-01-2023,PILLAR RESOURCE SERVICES,Construction,pillar.ca,,Royal,N/A,N/A,,/,,Service,,,,,,,,,,,,,,
23-01-2023,IBB BUSINESS TEAM,Financial Services,ibb-business-team.de,,LockBit3.0,N/A,240 gb,,Screenshots of PII available,,Service,,,,,,,,,,,,,,
23-01-2023,MIGUEL MECHANICAL SERVICES LIMITED,Oil and Gas,miguelmechanical.com,,LockBit3.0,N/A,N/A,,Sample of stolen data,,Oil and Gas,,,,,,,,,,,,,,
23-01-2023,CLOUDCALL,IT/Technology,cloudcall.com.au,,Vice Society,N/A,N/A,,Sample of stolen data,,IT,,,,,,,,,,,,,,
23-01-2023,EMONEY HOME LOANS,Financial Services,emoneyhomeloans.com.au,,Vice Society,N/A,N/A,,Sample of stolen data,,Service,,,,,,,,,,,,,,
23-01-2023,CADEMET,Business,cadmet.com,,Royal,N/A,N/A,,/,,Service,,,,,,,,,,,,,,
23-01-2023,PILLAR RESOURCE SERVICES,Construction,pillar.ca,,Royal,N/A,N/A,,/,,Service,,,,,,,,,,,,,,
24-01-2023,STIBBS & CO,Law,stibbsco.com,,BlackCat,N/A,679 GB,,Miscellaneous,,Law,,,,,,,,,,,,,,
24-01-2023,INSTITUTO FEDERAL PAR ?,Education,ifpa.edu.br,,BlackCat,N/A,N/A,,Data of employees and students,,Service,,,,,,,,,,,,,,
24-01-2023,AUTOTRADER,Advertising Services,autotrader.com,,N/A,N/A,1.4M customer records,,PII and unique email addresses,,Service,,,,,,,,,,,,,,
24-01-2023,KOMPLETTFRITID,Retail,komplettfritid.no,,N/A,N/A,140k customer records,,PII exposed,,Service,,,,,,,,,,,,,,
25-01-2023,FLATIRONS SOLUTIONS,IT/Technology,flatironssolutions.com,,LockBit3.0,$ 1000000 USD,3.1 GB,,General data,,IT,,,,,,,,,,,,,,
25-01-2023,ELSAN,Hospitals and Health Care,elsan.care,,LockBit3.0,N/A,821 GB,,"PII, financial and genaral informations",,Medical,,,,,,,,,,,,,,
25-01-2023,XLNT SOFTWARE SOLUTIONS,Software Development,xlntinc.com,,LockBit3.0,N/A,N/A,,/,,IT,,,,,,,,,,,,,,
26-01-2023,CRESCENT CROWN DISTRIBUTING,Food and Beverage Services,crescentcrown.com,,BlackCat,N/A,1.05 TB,,Screenshots of PII Available,,Service,,,,,,,,,,,,,,
26-01-2023,SOMACIS,"Appliances, Electrical, and Electronics Manufacturing",somacis.com,,BlackCat,N/A,262 GB,,Screenshots of PII Available,,Manufacture,,,,,,,,,,,,,,
26-01-2023,COPPER MOUNTAIN,Mining,cumtn.com,,BlackCat,N/A,450 GB,,Screenshots of PII Available,,Service,,,,,,,,,,,,,,
26-01-2023,ADMIRAL SPORTWETTEN,Gambling,admiral.at,,Play,N/A,N/A,,/,,Service,,,,,,,,,,,,,,
27-01-2023,SOLAR INDUSTRIES INDIA,Mining,solargroup.com,India,BlackCat,N/A,2 TB,Sensitive data related to weapons production and PII,Sample with screenshots of PII Available,N/A,Service,,,,,,,,,,,,,,
27-01-2023,CHARLES P VONDERHAAR CPA,Accounting,cpvcpa.com,USA,BlackCat,N/A,50 GB,PII and financial informations,Screenshots of PII Available,N/A, Service,,,,,,,,,,,,,,
27-01-2023,IOC,Construction,ioccompany.com,USA,Royal,N/A,N/A,N/A,/,N/A,Service,,,,,,,,,,,,,,
27-01-2023,SERVICEMASTER,Consumer Services,servicemasterclr.com,USA,Royal,N/A,N/A,N/A,/,N/A,Service,,,,,,,,,,,,,,
27-01-2023,TRAVIS COUNTY SHERIFFS OFFICERS ASSOCIATION,Social Organization,traviscountytx.Public Sector,USA,Royal,N/A,N/A,N/A,/,N/A,Service,,,,,,,,,,,,,,
27-01-2023,BRISTOL COMMUNITY COLLEGE,College,bristolcc.edu,USA,Vice Society,N/A,N/A,Miscellaneous,/,N/A,Education,,,,,,,,,,,,,,
28-01-2023,WHITEPAGES,IT/Technology,whitepages.com,USA,Halcyonic,N/A,11.657.763 records,Users? information,"Email addresses, Names, Passwords",Files already uploaded,IT,,,,,,,,,,,,,,
28-01-2023,OMGPOP,Computer Games,/,USA,nvl,N/A,7.071.893 records,Users? information,"Email addresses, Names, Passwords",Files already uploaded,Service,,,,,,,,,,,,,,
28-01-2023,WESTMONT HOSPITALITY GROUP,Hospitality,whg.com,Canada,BlackCat,N/A,250 GB,Corporate data,"Financial and corporate documents, customer data. Certificates, employee",Files Available to Download,Service,,,,,,,,,,,,,,
28-01-2023,TRANSPORTATION SECURITY ADMINISTRATION,Public Sector Administration,tsa.Public Sector,USA,Maia Arson Crimew,N/A,"1,817,233 records",PII data,Full names and Dates of Birth,N/A,Public Sector,,,,,,,,,,,,,,
28-01-2023,ZEEROQ,Unsure,demo.zeeroq.com,France,All3in,N/A,233.908.449 records,Users? records,"Email Addresses, Passwords",Files already uploaded,NA,,,,,,,,,,,,,,
28-01-2023,ARIZONA LIVER HEALTH,Medical,azliver.com,USA,LockBit3.0,$ 150.000 USD,N/A,Miscellaneous,Sample with screenshots of PII Available,12-Feb-23,Medical,,,,,,,,,,,,,,
28-01-2023,PORTNOFF LAW ASSOCIATES,Law Services,portnoffonline.com,USA,BlackCat,N/A,240 GB,"Contracts, financial reports, accounting, clients info and etc",Sample with screenshots of PII Available,N/A,Law,,,,,,,,,,,,,,
28-01-2023,STAYFUL,IT/Technology,N/A,USA,visionary,N/A,183.000 records,Users? information,"Usernames, Full names, Phone numbers, Email addresses, Locations, Passwords",Files already uploaded,IT,,,,,,,,,,,,,,
28-01-2023,C.M. VIMIOSO,Municipality,cm-vimioso.pt,Portugal,LockBit3.0,N/A,N/A,N/A,/,14-Feb-23,public sector,,,,,,,,,,,,,,
28-01-2023,AIR ALBANIA,Airlines and Aviation,airalbania.com.al,Albania,LockBit3.0,N/A,N/A,N/A,/,14-Feb-23,Aviation,,,,,,,,,,,,,,
28-01-2023,YUEN LIANG INDUSTRIAL & CO,Petroleum resin production,ylresin.com,Taiwan,LockBit3.0,$ 30.000 USD,N/A,N/A,/,04-Feb-23,Oil and Gas,,,,,,,,,,,,,,
28-01-2023,ULTRABULK,Maritime,ultrabulk.com,Denmark,BlackCat,N/A,N/A,Miscellaneous,Sample with screenshots of PII Available,N/A,Service,,,,,,,,,,,,,,
28-01-2023,ITSSERVICIOS,Business Service,itsservicios.com.mx,Mexico,LockBit3.0,N/A,N/A,N/A,/,14-Feb-23,Service,,,,,,,,,,,,,,
28-01-2023,CPL INDUSTRIES,Oil and Coal Product Manufacturing,cplindustries.co.uk,United Kingdom,LockBit3.0,N/A,N/A,N/A,/,13-Feb-23,Oil and Gas,,,,,,,,,,,,,,
28-01-2023,KVIE,Broadcast Media Production and Distribution,kvie.org,USA,LockBit3.0,N/A,N/A,N/A,/,13-Feb-23,Media,,,,,,,,,,,,,,
28-01-2023,BULLDOG GROUP,Construction,bulldoggroupinc.com,USA,LockBit3.0,N/A,N/A,N/A,/,14-Feb-23,Service,,,,,,,,,,,,,,
28-01-2023,JUVA SKIN & LASER CENTER,Medical,juvaskin.com,USA,LockBit3.0,N/A,N/A,N/A,/,14-Feb-23,Medical,,,,,,,,,,,,,,
28-01-2023,SEEK THERMAL,Computers and Electronics Manufacturing,thermal.com,Canada,LockBit3.0,N/A,N/A,N/A,/,14-Feb-23,Manufacture,,,,,,,,,,,,,,
28-01-2023,DS AVOCATS,Law,dsavocats.com,France,LockBit3.0,N/A,N/A,N/A,/,14-Feb-23,Law,,,,,,,,,,,,,,
28-01-2023,WEALTHWISE,Financial Services,wealthwise.com.au,Australia,LockBit3.0,N/A,N/A,N/A,/,14-Feb-23,Service,,,,,,,,,,,,,,
28-01-2023,LUACES ASESORES,Investment Management,luacesasesores.es,Spain,LockBit3.0,N/A,N/A,N/A,/,14-Feb-23,Service,,,,,,,,,,,,,,
28-01-2023,JULIUS FRITSCHE GMBH,WholeSale,fritsche.eu.com,Austria,LockBit3.0,N/A,N/A,N/A,/,13-Feb-23,Service,,,,,,,,,,,,,,
28-01-2023,PERENITYSOFTWARE,IT/Technology,perenitysoftware.com,Morocco,LockBit3.0,N/A,N/A,N/A,/,14-Feb-23,IT,,,,,,,,,,,,,,
28-01-2023,NPTC GROUP OF COLLEGES,college,nptcgroup.ac.uk,United Kingdom,Vice Society,N/A,N/A,Miscellaneous,/,N/A,Education,,,,,,,,,,,,,,
28-01-2023,SEGUROS EQUINOCCIAL,Insurance,segurosequinoccial.com,Ecuador,Vice Society,N/A,N/A,Miscellaneous,/,N/A,Insurance,,,,,,,,,,,,,,
28-01-2023,EGR,Shopping,egr.at,Austria,Vice Society,N/A,N/A,Miscellaneous,/,N/A,Service,,,,,,,,,,,,,,
28-01-2023,HELICAR,Truck transportation,helicar.cz,Czech Republic,Play,N/A,N/A,Miscellaneous,/,02-Feb-23,Service,,,,,,,,,,,,,,
29-01-2023,WHITEPAGES,IT/Technology,whitepages.com,USA,Halcyonic,N/A,11.657.763 records,Users? information,"Email addresses, Names, Passwords",Files already uploaded,IT,,,,,,,,,,,,,,
29-01-2023,OMGPOP,Computer Games,/,USA,nvl,N/A,7.071.893 records,Users? information,"Email addresses, Names, Passwords",Files already uploaded,Service,,,,,,,,,,,,,,
29-01-2023,WESTMONT HOSPITALITY GROUP,Hospitality,whg.com,Canada,BlackCat,N/A,250 GB,Corporate data,"Financial and corporate documents, customer data. Certificates, employee",Files Available to Download,Service,,,,,,,,,,,,,,
29-01-2023,TRANSPORTATION SECURITY ADMINISTRATION,Public Sector Administration,tsa.Public Sector,USA,Maia Arson Crimew,N/A,"1,817,233 records",PII data,Full names and Dates of Birth,N/A,Public Sector,,,,,,,,,,,,,,
29-01-2023,ZEEROQ,Unknown,demo.zeeroq.com,France,All3in,N/A,233.908.449 records,Users? records,"Email Addresses, Passwords",Files already uploaded,NA,,,,,,,,,,,,,,
29-01-2023,ARIZONA LIVER HEALTH,Medical,azliver.com,USA,LockBit3.0,$ 150.000 USD,N/A,Miscellaneous,Sample with screenshots of PII Available,12-Feb-23,Medical,,,,,,,,,,,,,,
29-01-2023,PORTNOFF LAW ASSOCIATES,Law Services,portnoffonline.com,USA,BlackCat,N/A,240 GB,"Contracts, financial reports, accounting, clients info and etc",Sample with screenshots of PII Available,N/A,Law,,,,,,,,,,,,,,
29-01-2023,STAYFUL,IT/Technology,N/A,USA,visionary,N/A,183.000 records,Users? information,"Usernames, Full names, Phone numbers, Email addresses, Locations, Passwords",Files already uploaded,IT,,,,,,,,,,,,,,
29-01-2023,C.M. VIMIOSO,Municipality,cm-vimioso.pt,Portugal,LockBit3.0,N/A,N/A,N/A,/,14-Feb-23,public sector,,,,,,,,,,,,,,
29-01-2023,AIR ALBANIA,Airlines and Aviation,airalbania.com.al,Albania,LockBit3.0,N/A,N/A,N/A,/,14-Feb-23,Aviation,,,,,,,,,,,,,,
29-01-2023,YUEN LIANG INDUSTRIAL & CO,Petroleum resin production,ylresin.com,Taiwan,LockBit3.0,$ 30.000 USD,N/A,N/A,/,04-Feb-23,Oil and Gas,,,,,,,,,,,,,,
29-01-2023,ULTRABULK,Maritime,ultrabulk.com,Denmark,BlackCat,N/A,N/A,Miscellaneous,Sample with screenshots of PII Available,N/A,Service,,,,,,,,,,,,,,
29-01-2023,ITSSERVICIOS,Business Service,itsservicios.com.mx,Mexico,LockBit3.0,N/A,N/A,N/A,/,14-Feb-23,Service,,,,,,,,,,,,,,
29-01-2023,CPL INDUSTRIES,Oil and Coal Product Manufacturing,cplindustries.co.uk,United Kingdom,LockBit3.0,N/A,N/A,N/A,/,13-Feb-23,Manufacture,,,,,,,,,,,,,,
29-01-2023,KVIE,Broadcast Media Production and Distribution,kvie.org,USA,LockBit3.0,N/A,N/A,N/A,/,13-Feb-23,Media,,,,,,,,,,,,,,
29-01-2023,BULLDOG GROUP,Construction,bulldoggroupinc.com,USA,LockBit3.0,N/A,N/A,N/A,/,14-Feb-23,Service,,,,,,,,,,,,,,
29-01-2023,JUVA SKIN & LASER CENTER,Medical,juvaskin.com,USA,LockBit3.0,N/A,N/A,N/A,/,14-Feb-23,Medical,,,,,,,,,,,,,,
29-01-2023,SEEK THERMAL,Computers and Electronics Manufacturing,thermal.com,Canada,LockBit3.0,N/A,N/A,N/A,/,14-Feb-23,Manufacture,,,,,,,,,,,,,,
29-01-2023,DS AVOCATS,Law,dsavocats.com,France,LockBit3.0,N/A,N/A,N/A,/,14-Feb-23,Law,,,,,,,,,,,,,,
29-01-2023,WEALTHWISE,Financial Services,wealthwise.com.au,Australia,LockBit3.0,N/A,N/A,N/A,/,14-Feb-23,Service,,,,,,,,,,,,,,
29-01-2023,LUACES ASESORES,Investment Management,luacesasesores.es,Spain,LockBit3.0,N/A,N/A,N/A,/,14-Feb-23,Service,,,,,,,,,,,,,,
29-01-2023,JULIUS FRITSCHE GMBH,Wholesale,fritsche.eu.com,Austria,LockBit3.0,N/A,N/A,N/A,/,13-Feb-23,Service,,,,,,,,,,,,,,
29-01-2023,PERENITYSOFTWARE,IT/Technology,perenitysoftware.com,Morocco,LockBit3.0,N/A,N/A,N/A,/,14-Feb-23,IT,,,,,,,,,,,,,,
29-01-2023,NPTC GROUP OF COLLEGES,college,nptcgroup.ac.uk,United Kingdom,Vice Society,N/A,N/A,Miscellaneous,/,N/A,Education,,,,,,,,,,,,,,
29-01-2023,SEGUROS EQUINOCCIAL,Insurance,segurosequinoccial.com,Ecuador,Vice Society,N/A,N/A,Miscellaneous,/,N/A,Insurance,,,,,,,,,,,,,,
29-01-2023,EGR,Shopping,egr.at,Austria,Vice Society,N/A,N/A,Miscellaneous,/,N/A,Service,,,,,,,,,,,,,,
29-01-2023,HELICAR,Truck transportation,helicar.cz,Czech Republic,Play,N/A,N/A,Miscellaneous,/,02-Feb-23,Service,,,,,,,,,,,,,,
30-01-2023,WHITEPAGES,IT/Technology,whitepages.com,USA,Halcyonic,N/A,11.657.763 records,Users? information,"Email addresses, Names, Passwords",Files already uploaded,IT,,,,,,,,,,,,,,
30-01-2023,OMGPOP,Computer Games,/,USA,nvl,N/A,7.071.893 records,Users? information,"Email addresses, Names, Passwords",Files already uploaded,Service,,,,,,,,,,,,,,
30-01-2023,WESTMONT HOSPITALITY GROUP,Hospitality,whg.com,Canada,BlackCat,N/A,250 GB,Corporate data,"Financial and corporate documents, customer data. Certificates, employee",Files Available to Download,Service,,,,,,,,,,,,,,
30-01-2023,TRANSPORTATION SECURITY ADMINISTRATION,Public Sector Administration,tsa.Public Sector,USA,Maia Arson Crimew,N/A,"1,817,233 records",PII data,Full names and Dates of Birth,N/A,Public Sector,,,,,,,,,,,,,,
30-01-2023,ZEEROQ,Unknown,demo.zeeroq.com,France,All3in,N/A,233.908.449 records,Users? records,"Email Addresses, Passwords",Files already uploaded,Na,,,,,,,,,,,,,,
30-01-2023,ARIZONA LIVER HEALTH,Medical,azliver.com,USA,LockBit3.0,$ 150.000 USD,N/A,Miscellaneous,Sample with screenshots of PII Available,12-Feb-23,Medical,,,,,,,,,,,,,,
30-01-2023,PORTNOFF LAW ASSOCIATES,Law Services,portnoffonline.com,USA,BlackCat,N/A,240 GB,"Contracts, financial reports, accounting, clients info and etc",Sample with screenshots of PII Available,N/A,Law,,,,,,,,,,,,,,
30-01-2023,STAYFUL,IT/Technology,N/A,USA,visionary,N/A,183.000 records,Users? information,"Usernames, Full names, Phone numbers, Email addresses, Locations, Passwords",Files already uploaded,IT,,,,,,,,,,,,,,
30-01-2023,C.M. VIMIOSO,Municipality,cm-vimioso.pt,Portugal,LockBit3.0,N/A,N/A,N/A,/,14-Feb-23,public sector,,,,,,,,,,,,,,
30-01-2023,AIR ALBANIA,Airlines and Aviation,airalbania.com.al,Albania,LockBit3.0,N/A,N/A,N/A,/,14-Feb-23,Aviation,,,,,,,,,,,,,,
30-01-2023,YUEN LIANG INDUSTRIAL & CO,Petroleum resin production,ylresin.com,Taiwan,LockBit3.0,$ 30.000 USD,N/A,N/A,/,04-Feb-23,Oil and Gas,,,,,,,,,,,,,,
30-01-2023,ULTRABULK,Maritime,ultrabulk.com,Denmark,BlackCat,N/A,N/A,Miscellaneous,Sample with screenshots of PII Available,N/A,Service,,,,,,,,,,,,,,
30-01-2023,ITSSERVICIOS,Business Service,itsservicios.com.mx,Mexico,LockBit3.0,N/A,N/A,N/A,/,14-Feb-23,Service,,,,,,,,,,,,,,
30-01-2023,CPL INDUSTRIES,Oil and Coal Product Manufacturing,cplindustries.co.uk,United Kingdom,LockBit3.0,N/A,N/A,N/A,/,13-Feb-23,Manufacture,,,,,,,,,,,,,,
30-01-2023,KVIE,Broadcast Media Production and Distribution,kvie.org,USA,LockBit3.0,N/A,N/A,N/A,/,13-Feb-23,Media,,,,,,,,,,,,,,
30-01-2023,BULLDOG GROUP,Construction,bulldoggroupinc.com,USA,LockBit3.0,N/A,N/A,N/A,/,14-Feb-23,Service,,,,,,,,,,,,,,
30-01-2023,JUVA SKIN & LASER CENTER,Medical,juvaskin.com,USA,LockBit3.0,N/A,N/A,N/A,/,14-Feb-23,Medical,,,,,,,,,,,,,,
30-01-2023,SEEK THERMAL,Computers and Electronics Manufacturing,thermal.com,Canada,LockBit3.0,N/A,N/A,N/A,/,14-Feb-23,Manufacture,,,,,,,,,,,,,,
30-01-2023,DS AVOCATS,Law,dsavocats.com,France,LockBit3.0,N/A,N/A,N/A,/,14-Feb-23,Law,,,,,,,,,,,,,,
30-01-2023,WEALTHWISE,Financial Services,wealthwise.com.au,Australia,LockBit3.0,N/A,N/A,N/A,/,14-Feb-23,Service,,,,,,,,,,,,,,
30-01-2023,LUACES ASESORES,Investment Management,luacesasesores.es,Spain,LockBit3.0,N/A,N/A,N/A,/,14-Feb-23,Service,,,,,,,,,,,,,,
30-01-2023,JULIUS FRITSCHE GMBH,Wholesale,fritsche.eu.com,Austria,LockBit3.0,N/A,N/A,N/A,/,13-Feb-23,Service,,,,,,,,,,,,,,
30-01-2023,PERENITYSOFTWARE,IT/Technology,perenitysoftware.com,Morocco,LockBit3.0,N/A,N/A,N/A,/,14-Feb-23,IT,,,,,,,,,,,,,,
30-01-2023,NPTC GROUP OF COLLEGES,college,nptcgroup.ac.uk,United Kingdom,Vice Society,N/A,N/A,Miscellaneous,/,N/A,Education,,,,,,,,,,,,,,
30-01-2023,SEGUROS EQUINOCCIAL,Insurance,segurosequinoccial.com,Ecuador,Vice Society,N/A,N/A,Miscellaneous,/,N/A,Insurance,,,,,,,,,,,,,,
30-01-2023,EGR,Shopping,egr.at,Austria,Vice Society,N/A,N/A,Miscellaneous,/,N/A,Service,,,,,,,,,,,,,,
30-01-2023,HELICAR,Truck transportation,helicar.cz,Czech Republic,Play,N/A,N/A,Miscellaneous,/,02-Feb-23,Service,,,,,,,,,,,,,,
31-01-2023,FUJIKURA,"Appliances, Electrical, and Electronics Manufacturing",fujikura.co.jp,Japan,LockBit3.0,N/A,718 GB,Sensitive information,Sample with screenshots of miscellaneous info,20-Feb-23,Manufacture,,,,,,,,,,,,,,
31-01-2023,CLASSMATES,IT/Technology,classmates.com,USA,N/A,N/A,2.371.000 records,Personal data,Miscellaneous personal data,14-Feb-23,IT,,,,,,,,,,,,,,
31-01-2023,MUNICIPALITY OF TORRE DEL GRECO,Public Sector Relations Services,torredelgreco.na.it,Italia,Royal,N/A,N/A,Miscellaneous,1% of the total amount,/,Public Sector,,,,,,,,,,,,,,
31-01-2023,GERAARDSBERGEN,Hospitals and Health Care,geraardsbergen.be,Belgium,LockBit3.0,N/A,N/A,N/A,/,15-Feb-23,Medical,,,,,,,,,,,,,,
31-01-2023,PLANET ICE,Travel Arrangements,planet-ice.co.uk,United Kingdom,N/A,N/A,240.488 accounts,Personal data,"Dates of birth, Email addresses, Genders, IP addresses, Names, Passwords,",/,Service,,,,,,,,,,,,,,
31-01-2023,NON STOP HEALTH,Insurance service,NonStopHealth.com,USA,N/A,N/A,82.393 records,Personal data,Miscellaneous personal data,/,Service,,,,,,,,,,,,,,
31-01-2023,PARK AVENUE DOOR AND HARDWARE,Business,parkavedoors.com,USA,LockBit3.0,N/A,N/A,N/A,/,15-Feb-23,Service,,,,,,,,,,,,,,
31-01-2023,2CARA,Accounting,2cara.fr,France,LockBit3.0,N/A,N/A,N/A,/,15-Feb-23, Service,,,,,,,,,,,,,,
31-01-2023,THAILAND CENTER OF EXCELLENCE FOR LIFE SCIENCES,Wellness and Fitness Services,tcels.or.th,Thailand,LockBit3.0,N/A,N/A,N/A,/,15-Feb-23,Service,,,,,,,,,,,,,,
31-01-2023,OKANAGAN COLLEGE,College,okanagan.bc.ca,Canada,Vice Society,N/A,N/A,Miscellaneous,/,N/A,Education,,,,,,,,,,,,,,
31-01-2023,SCHEPPERSINSTITUUT WETTEREN,Education Management,scheppers-wetteren.be,Belgium,Vice Society,N/A,N/A,Miscellaneous,/,N/A,Service,,,,,,,,,,,,,,
31-01-2023,KNS BANK,Bank,Knsbl.com,India,N/A,N/A,1.5 MB,Employees personal data,"Names, emails, phone numbers, work position, home addresses and other personal",/,Bank,,,,,,,,,,,,,,
01-02-2023,VISION TECHNOLOGIES,IT/Technology,visiontechnologies.com,USA,BlackCat,N/A,994 GB,N/A,All the data exfiltrated,N/A,IT,,,,,,,,,,,,,,
01-02-2023,SOCIETA ITALIANA BREVETTI SPA,Law Services,sib.it,Italy,Vice Society,N/A,N/A,Miscellaneous,/,N/A,Law,,,,,,,,,,,,,,
01-02-2023,TECHINSIGHTS,Semiconductor Manufacturing,semiconductor.com,Canada,Vice Society,N/A,N/A,Miscellaneous,/,N/A,Manufacture,,,,,,,,,,,,,,
01-02-2023,TK ELEVATOR,Industrial Machinery Manufacturing,tkelevator.com,Germany,Royal,N/A,N/A,N/A,/,N/A,Manufacture,,,,,,,,,,,,,,
02-02-2023,SOTO CONSULTING ENGINEERS,Mechanical Or Industrial Engineering,soto.com.au,Australia,BlackCat,N/A,356 GB,Miscellaneous documents,"Internal Company Data (Employees personal data, CV?s, DL?s, ID?s, Financial",Expired,Service,,,,,,,,,,,,,,
02-02-2023,PHARMAGESTAO,Facilities Services,pharmagestao.com.br,Brasil,LockBit3.0,N/A,N/A,N/A,/,21st Feb 2023,Service,,,,,,,,,,,,,,
02-02-2023,GUILDFORD COUNTY SCHOOL,School,guildfordcounty.co.uk,United Kingdom,Vice Society,N/A,N/A,Miscellaneous documents,/,N/A,Education,,,,,,,,,,,,,,
02-02-2023,CASA LEY,Retail Groceries,casaley.com.mx,Mexico,Royal,N/A,N/A,N/A,/,N/A,Service,,,,,,,,,,,,,,
03-02-2023,MCEWAN FRASER Law,Real Estate,mcewanfraserLaw.co.uk,United Kingdom,BlackCat,N/A,323 GB,"Internal Company Data (Employees personal data, CV?s, DL?s, ID?s, Passports,",Sample with screenshots of PII,N/A,Service,,,,,,,,,,,,,,
03-02-2023,MESSER CUTTING SYSTEMS,Machinery Manufacturing,us.messer-cutting.com,USA,Royal,N/A,600 GB,"Personal data, HR, finance, projects, mailboxes",20% of the total amount,14-Feb-23,Manufacture,,,,,,,,,,,,,,
03-02-2023,GUARDIAN ANALYTICS,fraud prevention solutions,guardiananalytics.com,USA,LockBit3.0,N/A,"11,5 GB",Miscellaneous documents,Sample with miscellaneous documents,18th Feb 2023,Service,,,,,,,,,,,,,,
03-02-2023,SEEL,Oil and Gas,seelllc.com,USA,LockBit3.0,N/A,230 GB,Miscellaneous documents,Sample with miscellaneous documents,21st Feb 23,Oil and Gas,,,,,,,,,,,,,,
03-02-2023,BIOSONICS,Environmental Services,biosonicsinc.com,USA,LockBit3.0,N/A,228 GB,Miscellaneous documents,Sample with miscellaneous documents,19th Feb 23,Service,,,,,,,,,,,,,,
03-02-2023,KOSTICA,Construction,kostika.co.il,Israel,LockBit3.0,N/A,250 GB,N/A,/,20th Feb 23,Service,,,,,,,,,,,,,,
03-02-2023,AVANTE TEXTIL,Textile Manufacturing,avantetextil.com.mx,Mexico,LockBit3.0,N/A,350 GB,Miscellaneous documents,Sample with miscellaneous documents,23rd Feb 23,Manufacture,,,,,,,,,,,,,,
03-02-2023,PITT MEADOWS SCHOOL DISTRICT 42,School district,sd42.ca,Canada,N/A,N/A,"18,850 records",Students? information,"Email addresses, passwords, usernames",N/A,Education,,,,,,,,,,,,,,
03-02-2023,NEIGHBORHOOD Law SERVICES MICHIGAN,Non-profit Organizations,nlsmichigan.org,USA,LockBit3.0,N/A,N/A,Miscellaneous documents,Sample with miscellaneous documents,19th Feb 23,Service,,,,,,,,,,,,,,
03-02-2023,???? COMPUTER S.A,IT/Technology,byte.gr,Greece,LockBit3.0,N/A,N/A,Miscellaneous documents,Sample with miscellaneous documents,23rd Feb 23,IT,,,,,,,,,,,,,,
03-02-2023,FABRICATED PIPE,Oil and Gas,fabricatedpipe.com,USA,LockBit3.0,N/A,N/A,Miscellaneous documents,Sample with miscellaneous documents,21st Feb 23,Oil and Gas,,,,,,,,,,,,,,
03-02-2023,SCANDIA FOOD,Food and Beverage Services,scandia.ro,Romania,LockBit3.0,N/A,N/A,Miscellaneous documents,Sample with miscellaneous documents,23rd Feb 23,Service,,,,,,,,,,,,,,
03-02-2023,SAKR GROUP,Food and Beverage Services,sakrgroup.net,Egypt,LockBit3.0,N/A,N/A,Miscellaneous documents,Sample with miscellaneous documents,19th Feb 23,Service,,,,,,,,,,,,,,
03-02-2023,CRYSTAL CREAMERY,Dairy Product Manufacturing,crystalcreamery.com,USA,LockBit3.0,N/A,N/A,Miscellaneous documents,Sample with screenshots of PII,24th Feb 23,Manufacture,,,,,,,,,,,,,,
03-02-2023,PLASMAJET,Medical Device,plasmasurgical.com,USA,LockBit3.0,N/A,N/A,Miscellaneous documents,Sample with miscellaneous documents,10th Feb 23,Medical,,,,,,,,,,,,,,
03-02-2023,TONOLI GROUP,Logistics,tonoli.com,Italy,LockBit3.0,N/A,N/A,N/A,/,14th Feb 23,Logistics,,,,,,,,,,,,,,
03-02-2023,BETH RIVKAH,School,bethrivkah.edu,USA,LockBit3.0,N/A,N/A,N/A,/,21st Feb 23,Education,,,,,,,,,,,,,,
03-02-2023,ION,financial software,Iongroup.com,Luxembourg,LockBit3.0,N/A,N/A,N/A,/,4th Feb 23,Service,,,,,,,,,,,,,,
04-02-2023,TRUTH FINDER,Search engine,truthfinder.com,USA,N/A,N/A,"8,159,573 accounts? record",Users? data,"Email addresses, Names, Passwords, Phone numbers",Data already leaked,IT,,,,,,,,,,,,,,
04-02-2023,INNOVATION COLLABORATION SYNERGY,IT Services and IT Consulting,ics-nett.com,USA,Royal,N/A,72 GB,Miscellaneous documents,100% of the exfiltrated data,N/A,IT,,,,,,,,,,,,,,
04-02-2023,GAME SOURCE ? VIRTUOS GAMES,Computer Games,virtuosgames.com,France,LockBit3.0,N/A,700 GB,Confidential information from,Sample with screenshots of miscellaneous folders,8th Feb 2023,Service,,,,,,,,,,,,,,
04-02-2023,INSTANT CHECKMATE,Search lookup,instantcheckmate.com,USA,N/A,N/A,"11,943,887 account?s record",Users? data,"Email addresses, Names, Passwords, Phone numbers",All data already leaked,IT,,,,,,,,,,,,,,
04-02-2023,EAST TEXAS BRICK COMPANY,Building Materials Manufacturing,etbrick.com,USA,LockBit3.0,N/A,19 GB,Miscellaneous documents,Sample with miscellaneous documents,25th Feb 23,Manufacture,,,,,,,,,,,,,,
04-02-2023,CRISPIN VALVE,Machinery Manufacturing,crispinvalve.com,USA,LockBit3.0,N/A,59 GB,Miscellaneous documents,Sample with miscellaneous documents,27th Feb 23,Manufacture,,,,,,,,,,,,,,
04-02-2023,PREMIER RESEARCH LABS,Wellness and Fitness Services,prlabs.com,USA,LockBit3.0,N/A,"78,5 GB",Miscellaneous documents,Sample with miscellaneous documents,27th Feb 23,Service,,,,,,,,,,,,,,
04-02-2023,WOODWARD COMMUNICATIONS,Advertising Services,wcinet.com,USA,LockBit3.0,N/A,124 GB,Miscellaneous documents,Sample with PII documents,27th Feb 23,Service,,,,,,,,,,,,,,
04-02-2023,POINT DEDICATED SERVICES,Truck transportation,pointdedicated.com,USA,Play,N/A,N/A,PII documents,"50 GB of private and personal confidential data, a lot of passports, ssn, ID,",07th Feb 23,Service,,,,,,,,,,,,,,
04-02-2023,HKRI,Real Estate,hkri.com,Hong Kong,LockBit3.0,"$ 600,000",N/A,Miscellaneous documents,Sample with miscellaneous documents,10th Feb 23,Service,,,,,,,,,,,,,,
04-02-2023,MUNICIPALITY OF MEDELLIN,Public Sector,medellin.Public Sector.co,Colombia,LockBit3.0,N/A,N/A,Sensitive miscellaneous documents,Sample with miscellaneous documents,27th Feb 23,public sector,,,,,,,,,,,,,,
04-02-2023,JAMS,School,jams.edu.jo,Jordan,LockBit3.0,N/A,N/A,PII documents,Sample with screenshots of PII documents,27th Feb 23,Education,,,,,,,,,,,,,,
04-02-2023,BP LAWYERS,Law,bplawyers.co.id,Indonesia,LockBit3.0,N/A,N/A,N/A,/,20th Feb 23,Law,,,,,,,,,,,,,,
04-02-2023,TELEAPPS,IT Services and IT Consulting,teleapps.com,India,LockBit3.0,N/A,N/A,N/A,/,26th Feb 23,IT,,,,,,,,,,,,,,
04-02-2023,NICKLAUS,Sports,nicklaus.com,USA,LockBit3.0,N/A,N/A,N/A,/,21st Feb 23,Service,,,,,,,,,,,,,,
04-02-2023,LIMEVPN,Network,limevpn.com,Singapore,N/A,N/A,"23,348 users? account",Users? data,"Email addresses, IP addresses, Names, Passwords, Phone numbers, Physical",21st Feb 23,Service,,,,,,,,,,,,,,
04-02-2023,URM,Environmental Services,urmgroup.com.au,Australia,LockBit3.0,N/A,N/A,N/A,/,10th Feb 23,Service,,,,,,,,,,,,,,
05-02-2023,TRUTH FINDER,Consumer Services,truthfinder.com,USA,N/A,N/A,"8,159,573 accounts? record",Users? data,"Email addresses, Names, Passwords, Phone numbers",Data already leaked,Service,,,,,,,,,,,,,,
05-02-2023,INNOVATION COLLABORATION SYNERGY,IT Services and IT Consulting,ics-nett.com,USA,Royal,N/A,72 GB,Miscellaneous documents,100% of the exfiltrated data,N/A,IT,,,,,,,,,,,,,,
05-02-2023,GAME SOURCE ? VIRTUOS GAMES,Computer Games,virtuosgames.com,France,LockBit3.0,N/A,700 GB,Confidential information from,Sample with screenshots of miscellaneous folders,8th Feb 2023,Service,,,,,,,,,,,,,,
05-02-2023,INSTANT CHECKMATE,Consumer Services,instantcheckmate.com,USA,N/A,N/A,"11,943,887 account?s record",Users? data,"Email addresses, Names, Passwords, Phone numbers",All data already leaked,Service,,,,,,,,,,,,,,
05-02-2023,EAST TEXAS BRICK COMPANY,Construction,etbrick.com,USA,LockBit3.0,N/A,19 GB,Miscellaneous documents,Sample with miscellaneous documents,25th Feb 23,Service,,,,,,,,,,,,,,
05-02-2023,CRISPIN VALVE,Machinery Manufacturing,crispinvalve.com,USA,LockBit3.0,N/A,59 GB,Miscellaneous documents,Sample with miscellaneous documents,27th Feb 23,Manufacture,,,,,,,,,,,,,,
05-02-2023,PREMIER RESEARCH LABS,Wellness and Fitness Services,prlabs.com,USA,LockBit3.0,N/A,"78,5 GB",Miscellaneous documents,Sample with miscellaneous documents,27th Feb 23,Service,,,,,,,,,,,,,,
05-02-2023,WOODWARD COMMUNICATIONS,Advertising Services,wcinet.com,USA,LockBit3.0,N/A,124 GB,Miscellaneous documents,Sample with PII documents,27th Feb 23,Service,,,,,,,,,,,,,,
05-02-2023,POINT DEDICATED SERVICES,Truck transportation,pointdedicated.com,USA,Play,N/A,N/A,PII documents,"50 GB of private and personal confidential data, a lot of passports, ssn, ID,",07th Feb 23,Service,,,,,,,,,,,,,,
05-02-2023,HKRI,Real Estate,hkri.com,Hong Kong,LockBit3.0,"$ 600,000",N/A,Miscellaneous documents,Sample with miscellaneous documents,10th Feb 23,Service,,,,,,,,,,,,,,
05-02-2023,MUNICIPALITY OF MEDELLIN,Public Sector,medellin.Public Sector.co,Colombia,LockBit3.0,N/A,N/A,Sensitive miscellaneous documents,Sample with miscellaneous documents,27th Feb 23,public sector,,,,,,,,,,,,,,
05-02-2023,JAMS,School,jams.edu.jo,Jordan,LockBit3.0,N/A,N/A,PII documents,Sample with screenshots of PII documents,27th Feb 23,Education,,,,,,,,,,,,,,
05-02-2023,BP LAWYERS,Law,bplawyers.co.id,Indonesia,LockBit3.0,N/A,N/A,N/A,/,20th Feb 23,Law,,,,,,,,,,,,,,
05-02-2023,TELEAPPS,IT Services and IT Consulting,teleapps.com,India,LockBit3.0,N/A,N/A,N/A,/,26th Feb 23,IT,,,,,,,,,,,,,,
05-02-2023,NICKLAUS,Sports,nicklaus.com,USA,LockBit3.0,N/A,N/A,N/A,/,21st Feb 23,Service,,,,,,,,,,,,,,
05-02-2023,LIMEVPN,Network,limevpn.com,Singapore,N/A,N/A,"23,348 users? account",Users? data,"Email addresses, IP addresses, Names, Passwords, Phone numbers, Physical",21st Feb 23,Service,,,,,,,,,,,,,,
05-02-2023,URM,Environmental Services,urmgroup.com.au,Australia,LockBit3.0,N/A,N/A,N/A,/,10th Feb 23,Service,,,,,,,,,,,,,,
06-02-2023,TRUTH FINDER,Consumer Services,truthfinder.com,USA,N/A,N/A,"8,159,573 accounts? record",Users? data,"Email addresses, Names, Passwords, Phone numbers",Data already leaked,Service,,,,,,,,,,,,,,
06-02-2023,INNOVATION COLLABORATION SYNERGY,Consumer Services,ics-nett.com,USA,Royal,N/A,72 GB,Miscellaneous documents,100% of the exfiltrated data,N/A,Service,,,,,,,,,,,,,,
06-02-2023,GAME SOURCE ? VIRTUOS GAMES,Computer Games,virtuosgames.com,France,LockBit3.0,N/A,700 GB,Confidential information from,Sample with screenshots of miscellaneous folders,8th Feb 2023,Service,,,,,,,,,,,,,,
06-02-2023,INSTANT CHECKMATE,Consumer Services,instantcheckmate.com,USA,N/A,N/A,"11,943,887 account?s record",Users? data,"Email addresses, Names, Passwords, Phone numbers",All data already leaked,Service,,,,,,,,,,,,,,
06-02-2023,EAST TEXAS BRICK COMPANY,Construction,etbrick.com,USA,LockBit3.0,N/A,19 GB,Miscellaneous documents,Sample with miscellaneous documents,25th Feb 23,Service,,,,,,,,,,,,,,
06-02-2023,CRISPIN VALVE,Machinery Manufacturing,crispinvalve.com,USA,LockBit3.0,N/A,59 GB,Miscellaneous documents,Sample with miscellaneous documents,27th Feb 23,Manufacture,,,,,,,,,,,,,,
06-02-2023,PREMIER RESEARCH LABS,Wellness and Fitness Services,prlabs.com,USA,LockBit3.0,N/A,"78,5 GB",Miscellaneous documents,Sample with miscellaneous documents,27th Feb 23,Service,,,,,,,,,,,,,,
06-02-2023,WOODWARD COMMUNICATIONS,Advertising Services,wcinet.com,USA,LockBit3.0,N/A,124 GB,Miscellaneous documents,Sample with PII documents,27th Feb 23,Service,,,,,,,,,,,,,,
06-02-2023,POINT DEDICATED SERVICES,Truck transportation,pointdedicated.com,USA,Play,N/A,N/A,PII documents,"50 GB of private and personal confidential data, a lot of passports, ssn, ID,",07th Feb 23,Service,,,,,,,,,,,,,,
06-02-2023,HKRI,Real Estate,hkri.com,Hong Kong,LockBit3.0,"$ 600,000",N/A,Miscellaneous documents,Sample with miscellaneous documents,10th Feb 23,Service,,,,,,,,,,,,,,
06-02-2023,MUNICIPALITY OF MEDELLIN,Public Sector,medellin.Public Sector.co,Colombia,LockBit3.0,N/A,N/A,Sensitive miscellaneous documents,Sample with miscellaneous documents,27th Feb 23,public sector,,,,,,,,,,,,,,
06-02-2023,JAMS,School,jams.edu.jo,Jordan,LockBit3.0,N/A,N/A,PII documents,Sample with screenshots of PII documents,27th Feb 23,Education,,,,,,,,,,,,,,
06-02-2023,BP LAWYERS,Law,bplawyers.co.id,Indonesia,LockBit3.0,N/A,N/A,N/A,/,20th Feb 23,Law,,,,,,,,,,,,,,
06-02-2023,TELEAPPS,IT Services and IT Consulting,teleapps.com,India,LockBit3.0,N/A,N/A,N/A,/,26th Feb 23,IT,,,,,,,,,,,,,,
06-02-2023,NICKLAUS,Sports,nicklaus.com,USA,LockBit3.0,N/A,N/A,N/A,/,21st Feb 23,Service,,,,,,,,,,,,,,
06-02-2023,LIMEVPN,Network,limevpn.com,Singapore,N/A,N/A,"23,348 users? account",Users? data,"Email addresses, IP addresses, Names, Passwords, Phone numbers, Physical",21st Feb 23,Service,,,,,,,,,,,,,,
06-02-2023,URM,Environmental Services,urmgroup.com.au,Australia,LockBit3.0,N/A,N/A,N/A,/,10th Feb 23,Service,,,,,,,,,,,,,,
07-02-2023,TRUTH FINDER,Consumer Services,truthfinder.com,USA,N/A,N/A,"8,159,573 accounts? record",Users? data,"Email addresses, Names, Passwords, Phone numbers",Data already leaked,Service,,,,,,,,,,,,,,
07-02-2023,INNOVATION COLLABORATION SYNERGY,IT Services and IT Consulting,ics-nett.com,USA,Royal,N/A,72 GB,Miscellaneous documents,100% of the exfiltrated data,N/A,IT,,,,,,,,,,,,,,
07-02-2023,GAME SOURCE ? VIRTUOS GAMES,Computer Games,virtuosgames.com,France,LockBit3.0,N/A,700 GB,Confidential information from,Sample with screenshots of miscellaneous folders,8th Feb 2023,Service,,,,,,,,,,,,,,
07-02-2023,INSTANT CHECKMATE,Consumer Services,instantcheckmate.com,USA,N/A,N/A,"11,943,887 account?s record",Users? data,"Email addresses, Names, Passwords, Phone numbers",All data already leaked,Service,,,,,,,,,,,,,,
07-02-2023,EAST TEXAS BRICK COMPANY,Construction,etbrick.com,USA,LockBit3.0,N/A,19 GB,Miscellaneous documents,Sample with miscellaneous documents,25th Feb 23,Service,,,,,,,,,,,,,,
07-02-2023,CRISPIN VALVE,Machinery Manufacturing,crispinvalve.com,USA,LockBit3.0,N/A,59 GB,Miscellaneous documents,Sample with miscellaneous documents,27th Feb 23,Manufacture,,,,,,,,,,,,,,
07-02-2023,PREMIER RESEARCH LABS,Wellness and Fitness Services,prlabs.com,USA,LockBit3.0,N/A,"78,5 GB",Miscellaneous documents,Sample with miscellaneous documents,27th Feb 23,Service,,,,,,,,,,,,,,
07-02-2023,WOODWARD COMMUNICATIONS,Advertising Services,wcinet.com,USA,LockBit3.0,N/A,124 GB,Miscellaneous documents,Sample with PII documents,27th Feb 23,Service,,,,,,,,,,,,,,
07-02-2023,POINT DEDICATED SERVICES,Truck transportation,pointdedicated.com,USA,Play,N/A,N/A,PII documents,"50 GB of private and personal confidential data, a lot of passports, ssn, ID,",07th Feb 23,Service,,,,,,,,,,,,,,
07-02-2023,HKRI,Real Estate,hkri.com,Hong Kong,LockBit3.0,"$ 600,000",N/A,Miscellaneous documents,Sample with miscellaneous documents,10th Feb 23,Service,,,,,,,,,,,,,,
07-02-2023,MUNICIPALITY OF MEDELLIN,Public Sector,medellin.Public Sector.co,Colombia,LockBit3.0,N/A,N/A,Sensitive miscellaneous documents,Sample with miscellaneous documents,27th Feb 23,public sector,,,,,,,,,,,,,,
07-02-2023,JAMS,School,jams.edu.jo,Jordan,LockBit3.0,N/A,N/A,PII documents,Sample with screenshots of PII documents,27th Feb 23,Education,,,,,,,,,,,,,,
07-02-2023,BP LAWYERS,Law,bplawyers.co.id,Indonesia,LockBit3.0,N/A,N/A,N/A,/,20th Feb 23,Law,,,,,,,,,,,,,,
07-02-2023,TELEAPPS,IT Services and IT Consulting,teleapps.com,India,LockBit3.0,N/A,N/A,N/A,/,26th Feb 23,IT,,,,,,,,,,,,,,
07-02-2023,NICKLAUS,Sports,nicklaus.com,USA,LockBit3.0,N/A,N/A,N/A,/,21st Feb 23,Service,,,,,,,,,,,,,,
07-02-2023,LIMEVPN,Network,limevpn.com,Singapore,N/A,N/A,"23,348 users? account",Users? data,"Email addresses, IP addresses, Names, Passwords, Phone numbers, Physical",21st Feb 23,Service,,,,,,,,,,,,,,
07-02-2023,URM,Environmental Services,urmgroup.com.au,Australia,LockBit3.0,N/A,N/A,N/A,/,10th Feb 23,Service,,,,,,,,,,,,,,
08-02-2023,CANTINA TOLLO,Food and Beverage,cantinatollo.it,Italy,LockBit3.0,"$ 249,000",N/A,Miscellaneous financial documents,Sample with miscellaneous financial documents,15th Feb 23,Service,,,,,,,,,,,,,,
08-02-2023,DUBAI GOLD & COMMODITIES EXCHANGE,Finance,dgcx.ae,United Arab Emirates,RansomHouse,N/A,100 GB,Miscellaneous documents,Sample with miscellaneous documents,N/A,Bank,,,,,,,,,,,,,,
09-02-2023,TRENDSETTER ENGINEERING,Oil and Gas,trendsetterengineering.com,USA,Royal,N/A,1 TB,"Personal data, HR, Finance, Projects etc. CEO?s and Top Management Mailboxes.",All exfiltrated data,N/A,Oil and Gas,,,,,,,,,,,,,,
09-02-2023,FINAPORT,Finance,finaport.com,Switzerland,BlackCat,N/A,"1,2 TB",Miscellaneous documents,All exfiltrated data,N/A,Bank,,,,,,,,,,,,,,
09-02-2023,EL-MOHANDES,Oil and Gas,el-mohandes.com,Egypt,BlackCat,N/A,1 TB,Miscellaneous documents including PII data,Sample with screenshots of PII documents,N/A,Oil and Gas,,,,,,,,,,,,,,
09-02-2023,MENKEN ORLANDO,Food,menkenorlando.nl,Netherlands,BlackCat,N/A,"1,8 TB","Financial and corporate documents, customer data; Clients? documentation",Sample with screenshots of PII documents,N/A,Service,,,,,,,,,,,,,,
09-02-2023,PENN POWER GROUP,Oil and Gas,pennpowergroup.com,USA,BlackByte,"$ 350,000",N/A,Miscellaneous financial documents,Sample with miscellaneous financial documents,N/A,Oil and Gas,,,,,,,,,,,,,,
09-02-2023," KERBER, ECK & BRAECKEL LLP",Accounting,kebcpa.com,USA,BlackCat,N/A,309 GB,"Internal Company Data (Employees personal data, CV?s, DL?s, ID?s, SSN?s,",/,N/A,Service,,,,,,,,,,,,,,
09-02-2023,MOUNT SAINT MARY COLLEGE,College,msmc.edu,USA,Vice Society,N/A,N/A,Miscellaneous documents including PII data,All exfiltrated data,N/A,Education,,,,,,,,,,,,,,
09-02-2023,TRANSPORTS FEUILLET SA,Transportation,transports-feuillet.fr,France,LockBit3.0,"$ 249,999",N/A,Contracts with clients. Agreements with partners. All financial information.,Sample with miscellaneous documents,18th Feb 23,Service,,,,,,,,,,,,,,
09-02-2023,FIVE GUYS ENTERPRISES,Food and Beverage,fiveguys.com,USA,BlackCat,N/A,N/A,Miscellaneous documents,Sample with screenshots of PII documents,N/A,Service,,,,,,,,,,,,,,
09-02-2023,ACS,engineering,acscm.com,USA,Play,N/A,N/A,Miscellaneous confidential and financial documents,/,12th Feb 23,Service,,,,,,,,,,,,,,
09-02-2023,CAVE BEBLENHEIM,IT,cave-beblenheim.com,France,Play,N/A,N/A,"Private and personal confidential data, agreements, employee and client",/,12th Feb 2023,IT,,,,,,,,,,,,,,
09-02-2023,A10,Cybersecurity,a10networks.com,USA,Play,N/A,N/A,"Private and personal confidential data, a lot of technical documentation,",/,12th Feb 23,Service,,,,,,,,,,,,,,
09-02-2023,JREYNOLDS,Roofing and waterproofing,jreynolds.com,USA,BlackCat,N/A,N/A,N/A,/,N/A,Service,,,,,,,,,,,,,,
10-02-2023,PHIHONG TECHNOLOGY,Manufacturing,phihong.com.tw,Taiwan,LockBit3.0,"$ 499,999",N/A,Contracts and agreements with customers. Sales data. Project documentation of,All exfiltrated data,19th Feb 23,Manufacture,,,,,,,,,,,,,,
10-02-2023,WEEE,Software Development,sayweee.com,USA,N/A,N/A,"1,117,405 users? record",Miscellaneous users? data,"Delivery instructions, Email addresses, Names, Phone numbers, Purchases",N/A,IT,,,,,,,,,,,,,,
10-02-2023,THE ARC OF ESSEX COUNTY,Individual and Family Services,arcessex.org,USA,LockBit3.0,N/A,N/A,Miscellaneous documents,Sample with screenshots of PII documents,26th Feb 23,Service,,,,,,,,,,,,,,
11-02-2023,CORK INSTITUTE OF TECHNOLOGY & MUNSTER TECHNOLOGICAL UNIVERSITY,College,cit.ie&mtu.ie,Ireland,BlackCat,N/A,"6,08 GB","PII Data, Confidential Data, Financial Data, Students personal & medical data,",All exfiltrated data,N/A,Education,,,,,,,,,,,,,,
11-02-2023,OLSEN LAW GROUP,Law,olsenlawgroup.com,USA,LockBit3.0,N/A,N/A,N/A,/,23rd Feb 23,Law,,,,,,,,,,,,,,
11-02-2023,COVER ME INSURANCE AGENCY,Insurance,covermeinsurance.com,USA,LockBit3.0,N/A,N/A,Miscellaneous documents including PII documents,Screenshots with sample of PII documents,04th Mar 23,Insurance,,,,,,,,,,,,,,
11-02-2023,MULLIN,Law,mrkpc.com,USA,LockBit3.0,N/A,N/A,Miscellaneous documents including PII documents,Screenshots with sample of PII documents,04th Mar 23,Law,,,,,,,,,,,,,,
11-02-2023,WILSONART,Non-profits & NGOs,wilsonart.co.th,Thailand,LockBit3.0,N/A,N/A,Miscellaneous financial documents,Sample with miscellaneous financial documents,27th Feb 23,Service,,,,,,,,,,,,,,
11-02-2023,LHERMITE AGRI,Business,lhermite-agri.com,France,LockBit3.0,N/A,N/A,N/A,/,20th Feb 23,Service,,,,,,,,,,,,,,
11-02-2023,M.H.S TECHNOLOGIES,IT,mhstech.com,Israel,LockBit3.0,N/A,N/A,N/A,/,23rd Feb 23,IT,,,,,,,,,,,,,,
11-02-2023,PHOENIX PROPERTY INVESTORS,Real Estate,ppinvestors.com,USA,LockBit3.0,N/A,N/A,N/A,/,26th Feb 23,Service,,,,,,,,,,,,,,
12-02-2023,CORK INSTITUTE OF TECHNOLOGY & MUNSTER TECHNOLOGICAL UNIVERSITY,College,cit.ie&mtu.ie,Ireland,BlackCat,N/A,"6,08 GB","PII Data, Confidential Data, Financial Data, Students personal & medical data,",All exfiltrated data,N/A,Education,,,,,,,,,,,,,,
12-02-2023,OLSEN LAW GROUP,Law,olsenlawgroup.com,USA,LockBit3.0,N/A,N/A,N/A,/,23rd Feb 23,Law,,,,,,,,,,,,,,
12-02-2023,COVER ME INSURANCE AGENCY,Insurance,covermeinsurance.com,USA,LockBit3.0,N/A,N/A,Miscellaneous documents including PII documents,Screenshots with sample of PII documents,04th Mar 23,Insurance,,,,,,,,,,,,,,
12-02-2023,MULLIN,Law,mrkpc.com,USA,LockBit3.0,N/A,N/A,Miscellaneous documents including PII documents,Screenshots with sample of PII documents,04th Mar 23,Law,,,,,,,,,,,,,,
12-02-2023,WILSONART,Non-profits & NGOs,wilsonart.co.th,Thailand,LockBit3.0,N/A,N/A,Miscellaneous financial documents,Sample with miscellaneous financial documents,27th Feb 23,Service,,,,,,,,,,,,,,
12-02-2023,LHERMITE AGRI,Business,lhermite-agri.com,France,LockBit3.0,N/A,N/A,N/A,/,20th Feb 23,Service,,,,,,,,,,,,,,
12-02-2023,M.H.S TECHNOLOGIES,IT,mhstech.com,Israel,LockBit3.0,N/A,N/A,N/A,/,23rd Feb 23,IT,,,,,,,,,,,,,,
12-02-2023,PHOENIX PROPERTY INVESTORS,Real Estate,ppinvestors.com,USA,LockBit3.0,N/A,N/A,N/A,/,26th Feb 23,Service,,,,,,,,,,,,,,
13-02-2023,CORK INSTITUTE OF TECHNOLOGY & MUNSTER TECHNOLOGICAL UNIVERSITY,College,cit.ie&mtu.ie,Ireland,BlackCat,N/A,"6,08 GB","PII Data, Confidential Data, Financial Data, Students personal & medical data,",All exfiltrated data,N/A,Education,,,,,,,,,,,,,,
13-02-2023,OLSEN LAW GROUP,Law,olsenlawgroup.com,USA,LockBit3.0,N/A,N/A,N/A,/,23rd Feb 23,Law,,,,,,,,,,,,,,
13-02-2023,COVER ME INSURANCE AGENCY,Insurance,covermeinsurance.com,USA,LockBit3.0,N/A,N/A,Miscellaneous documents including PII documents,Screenshots with sample of PII documents,04th Mar 23,Insurance,,,,,,,,,,,,,,
13-02-2023,MULLIN,Law,mrkpc.com,USA,LockBit3.0,N/A,N/A,Miscellaneous documents including PII documents,Screenshots with sample of PII documents,04th Mar 23,Law,,,,,,,,,,,,,,
13-02-2023,WILSONART,Non-profits & NGOs,wilsonart.co.th,Thailand,LockBit3.0,N/A,N/A,Miscellaneous financial documents,Sample with miscellaneous financial documents,27th Feb 23,Service,,,,,,,,,,,,,,
13-02-2023,LHERMITE AGRI,Business,lhermite-agri.com,France,LockBit3.0,N/A,N/A,N/A,/,20th Feb 23,Service,,,,,,,,,,,,,,
13-02-2023,M.H.S TECHNOLOGIES,IT,mhstech.com,Israel,LockBit3.0,N/A,N/A,N/A,/,23rd Feb 23,IT,,,,,,,,,,,,,,
13-02-2023,PHOENIX PROPERTY INVESTORS,Real Estate,ppinvestors.com,USA,LockBit3.0,N/A,N/A,N/A,/,26th Feb 23,Service,,,,,,,,,,,,,,
14-02-2023,BANK OF AFRICA,Bank,bank-of-africa.net,Morocco,Medusa,"$ 10,000,000",N/A,Miscellaneous including financial and confidential documents,Sample with screenshots of miscellaneous financial and confidential documents,20th Feb 23,Bank,,,,,,,,,,,,,,
14-02-2023,CNPR CASSA RAGIONIERI,Accounting,cassaragionieri.it,Italy,LockBit3.0,"$ 399,000",N/A,"miscellaneous PII, financial, confidential documents","Sample with screenshots of Miscellaneous PII, financial, confidential",23rd Feb 23, Service,,,,,,,,,,,,,,
14-02-2023,EUREKA CASINO RESORT,Gambling Facilities and Casinos,eurekamesquite.com,USA,Medusa,"$ 2,000,000",N/A,Miscellaneous financial and PII documents,Sample with screenshots of miscellaneous financial and PII documents,16th Feb 23,Service,,,,,,,,,,,,,,
14-02-2023,TONGA COMMUNICATIONS,Telecommunications,Tcc.to,Tonga,Medusa,"$ 2,000,000",N/A,Miscellaneous documents,Sample with screenshots of miscellaneous confidential documents,25th Feb 23,Service,,,,,,,,,,,,,,
14-02-2023,HIDALGO COUNTY COMMUNITY SUPERVISION AND CORRECTIONS DEPARTMENT,Public Sector,hidalgocounty.us,USA,LockBit3.0,N/A,134 GB,Miscellaneous documents,Sample with screenshots of miscellaneous documents,06th Mar 23,public sector,,,,,,,,,,,,,,
14-02-2023,BANCO SOL,bank,bancosol.ao,Angola,BlackCat,N/A,N/A,"Internal Company Data (Employees personal data, CV?s, DL?s, ID?s, Passports,",/,N/A,Bank,,,,,,,,,,,,,,
14-02-2023,VITAS,Computer Games,vitas.ps,Palestine,BlackCat,N/A,"1,05 TB","Confidential data (finances, passports, customer bases, reports, etc.)",Sample with screenshots of miscellaneous and PII documents,N/A,Service,,,,,,,,,,,,,,
14-02-2023,DIETHELM KELLER AVIATION PTE LTD,Airlines and Aviation,diethelmkelleraviation.com,Singapore,Medusa,"$ 200,000",N/A,Miscellaneous documents,Sample with screenshots of miscellaneous documents,17th Feb 23,Aviation,,,,,,,,,,,,,,
14-02-2023,HOSPITAL SERVICE SPA,Hospital,hshospitalservice.com,Italy,RansomHouse,N/A,50 GB,Confidential data,Sample with confidential data,N/A,Medical,,,,,,,,,,,,,,
14-02-2023,CHEMPARTNER,Pharmaceutical Manufacturing,chempartner.com,China,LockBit3.0,N/A,281 GB,"Company analytics, project information, reports, information on drug supplies",Sample with screenshots of miscellaneous documents,06th Mar 23,Manufacture,,,,,,,,,,,,,,
14-02-2023,TUCSON EYE CARE,Medical,tucsoneyecare.com,USA,LockBit3.0,N/A,"22,8 GB",Miscellaneous documents including PHI documents,Sample with screenshots of PHI documents,04th Mar 23,Medical,,,,,,,,,,,,,,
14-02-2023,VANDER KAAY,Finance,vanderkaay.com,USA,LockBit3.0,N/A,195 GB,Miscellaneous documents,Sample with screenshots of miscellaneous documents,06th Mar 23,Bank,,,,,,,,,,,,,,
14-02-2023,REVENTICS,Hospitals and Health Care,reventics.com,India,Royal,N/A,N/A,Miscellaneous documents,10% of the total amount exfiltrated,N/A,Medical,,,,,,,,,,,,,,
14-02-2023,DANA GROUP ASSOCIATES,Mental Health Care,dana-group.com,USA,LockBit3.0,N/A,N/A,Miscellaneous financial and PII documents,Sample with screenshots of miscellaneous financial and PII documents,05th Mar 23,Medical,,,,,,,,,,,,,,
14-02-2023,MANGALA GROUP,Food and Beverage,mangalagroup.com,India,LockBit3.0,N/A,"23,6 GB",Miscellaneous documents,Sample with screenshots of miscellaneous documents,06th Mar 23,Service,,,,,,,,,,,,,,
14-02-2023,NON SON FASHION,Leisure & Recreation,nonson.com.vn,Vietnam,LockBit3.0,N/A,N/A,Miscellaneous documents,Sample with screenshots of PII documents,05th Mar 23,Service,,,,,,,,,,,,,,
14-02-2023,LAGAN SPECIALIST CONTRACTING,Construction,laganscg.com,Ireland,LockBit3.0,N/A,N/A,N/A,/,28th Feb 23,Service,,,,,,,,,,,,,,
14-02-2023,MDS LOGISTICS,Truck transportation,mdstrucking.com,USA,LockBit3.0,N/A,N/A,N/A,/,27th Feb 23,Service,,,,,,,,,,,,,,
14-02-2023,GREEK PEAK MOUNTAIN RESORT,Hospitality,greekpeak.net,USA,LockBit3.0,N/A,N/A,N/A,/,28th Feb 23,Service,,,,,,,,,,,,,,
15-02-2023,PETROCHINA INDONESIA,Oil and Gas,petrochina.co.id,Indonesia,Medusa,"$ 400,000",N/A,Miscellaneous confidential and PII documents,Sample with screenshots of confidential and PII documents,22nd Feb 23,Oil and Gas,,,,,,,,,,,,,,
15-02-2023,MICROGAME SPA,Computer Games,microgame.it,Italy,Play,N/A,"4,16 GB","Private and personal confidential data, a lot of ID, credit cards, clients?",All data,15th Feb 23,Service,,,,,,,,,,,,,,
15-02-2023,ALEXANDERCITY,Public Sector,alexandercityal.Public Sector,USA,Royal,N/A,N/A,Miscellaneous including financial and police documents,/,N/A,Public Sector,,,,,,,,,,,,,,
15-02-2023,BELTRAME GROUP,mining,gruppobeltrame.com,Italy,LockBit3.0,N/A,N/A,Miscellaneous sensitive documents,/,21st Feb 23,Service,,,,,,,,,,,,,,
15-02-2023,DELALLO,Food,delallo.com,USA,Royal,N/A,13 GB,Miscellaneous including financial documents,30% of the total amount exfiltrated,N/A,Service,,,,,,,,,,,,,,
15-02-2023,LEAL GROUP,Finance,lealgroup.mu,Mauritius,BlackCat,N/A,N/A,"Employees personal data, CVs, DL, SSN. Complete network map including",Sample with screenshots of PII documents,N/A,Bank,,,,,,,,,,,,,,
15-02-2023,ENERGIE POOL SCHWEIZ,Utilities,energie-pool.ch,Switzerland,Play,N/A,N/A,"Private and personal confidential data, IDs, passports, agreements, employee",/,20th Feb 23,Service,,,,,,,,,,,,,,
15-02-2023,SRF LIMITED,chemical manufacturing,srf.com,India,LockBit3.0,N/A,N/A,N/A,/,01st Mar 23,Manufacture,,,,,,,,,,,,,,
15-02-2023,GRUPO ALBANESI,Semiconductor Manufacturing,albanesi.com.ar,Argentina,LockBit3.0,N/A,N/A,N/A,/,28th Feb 23,Manufacture,,,,,,,,,,,,,,
15-02-2023,CEFCO,Retail,cefcostores.com,USA,LockBit3.0,N/A,N/A,N/A,/,22nd Feb 23,Service,,,,,,,,,,,,,,
16-02-2023,NATIONAL LOCUMS,Staffing and Recruiting,nationallocums.co.uk,United Kingdom,LockBit3.0,"$ 399,999",N/A,Large number of confidential non-disclosure dates. Personal data of customers.,Sample with screenshots of miscellaneous documents,25th Feb 23,Service,,,,,,,,,,,,,,
16-02-2023,FOAMTEC INTERNATIONAL,Environmental Services,foamtecintlwcc.com,USA,Medusa,"$ 99,000",N/A,Miscellaneous documents,Sample with screenshots of miscellaneous documents,N/A,Service,,,,,,,,,,,,,,
16-02-2023,GALLIER ORL?ANS,Finance,gallier.fr,France,Mallox,N/A,"4,25 GB (packed)",Miscellaneous documents including PHI documents,All the exfiltrated data,N/A,Bank,,,,,,,,,,,,,,
16-02-2023,MECARO,Semiconductor Manufacturing,mecaro.com,Republic of Korea,Mallox,N/A,"4,33 GB (unpacked)",N/A,All the exfiltrated data,N/A,Manufacture,,,,,,,,,,,,,,
16-02-2023,HYDROFIT ALLIANCE,Oil and Gas,hydrofitgroup.com,UAE,Mallox,N/A,2.66 GB (unpacked),N/A,All the exfiltrated data,N/A,Oil and Gas,,,,,,,,,,,,,,
16-02-2023,RICHARDS INDUSTRIALS,Industrial Machinery Manufacturing,richardsind.com,USA,LockBit3.0,N/A,N/A,N/A,/,27th Feb 23,Manufacture,,,,,,,,,,,,,,
16-02-2023,VIPAR,Truck transportation,vipar.com,USA,LockBit3.0,N/A,N/A,N/A,/,08th Mar 23,Service,,,,,,,,,,,,,,
16-02-2023,SEMS,Environmental Services,semsinc.net,USA,LockBit3.0,N/A,N/A,N/A,/,25th Feb 23,Service,,,,,,,,,,,,,,
16-02-2023,MONTIBELLO,Cosmetics,montibello.com,Spain,LockBit3.0,N/A,N/A,N/A,/,27th Feb 23,Service,,,,,,,,,,,,,,
16-02-2023,BLACK &WHITE CABS,Travel arrangements,blackandwhitecabs.com.au,Australia,LockBit3.0,N/A,N/A,N/A,/,02nd Mar 23,Service,,,,,,,,,,,,,,
16-02-2023,TRUDI,IT Services and IT Consulting,trudi.it,Italy,LockBit3.0,N/A,N/A,N/A,/,04th Mar 23,IT,,,,,,,,,,,,,,
16-02-2023,AMADA WELD TECH,Equipments and system manufacturing,amadaweldtech.com,USA,BlackCat,N/A,N/A,N/A,/,N/A,Manufacture,,,,,,,,,,,,,,
17-02-2023,AP EMISSIONS TECHNOLOGIES,Automotive Manufacturing,apemissions.com,USA,Medusa,"$ 2,000,000",N/A,Miscellaneous documents,Sample with screenshots of miscellaneous documents,N/A,Manufacture,,,,,,,,,,,,,,
17-02-2023,HENGMEI OPTOELECTRONICS CO.,shopping,en.cnhmo.cn,China,BlackCat,N/A,"1,1 TB","Financial documents and reports ? Analytical and strategic documents,",Sample with screenshots of miscellaneous documents including corporate and PII,N/A,Service,,,,,,,,,,,,,,
17-02-2023,EVANS CONSOLES,Manufacturing,evansonline.com,USA,Royal,N/A,N/A,Miscellaneous documents,100% of the exfiltrated data,N/A,Manufacture,,,,,,,,,,,,,,
17-02-2023,CORE AUTOMATION,Electrical,coreautomation.com,USA,LockBit3.0,N/A,500 GB,Miscellaneous private information,/,19TH Feb 23,Service,,,,,,,,,,,,,,
17-02-2023,VISSAN,Food,vissan.com.vn,Vietnam,LockBit3.0,N/A,N/A,Miscellaneous documents,Sample with screenshots of miscellaneous documents,09th Mar 23,Service,,,,,,,,,,,,,,
17-02-2023,MYERS,"Appliances, Electrical, and Electronics Manufacturing",myerspower.com,USA,LockBit3.0,N/A,N/A,Miscellaneous documents,Sample with screenshots of miscellaneous documents,03rd Mar 23,Manufacture,,,,,,,,,,,,,,
17-02-2023,PUEBLO OF ZIA,Business,ziapueblo.org,Mexico,LockBit3.0,N/A,N/A,N/A,/,26th Feb 23,Service,,,,,,,,,,,,,,
17-02-2023,VITROX CORPORATION BERHAD,"Appliances, Electrical, and Electronics Manufacturing",vitrox.com,Malaysia,LockBit3.0,N/A,N/A,N/A,/,05th Mar 23,Manufacture,,,,,,,,,,,,,,
17-02-2023,ROYAL LEPAGE,Real Estate,royallepage.ca,Canada,LockBit3.0,N/A,N/A,N/A,/,02nd Mar 23,Service,,,,,,,,,,,,,,
18-02-2023,PIERCE TRANSIT,Truck transportation,piercetransit.org,USA,LockBit3.0,"$ 1,999,999",N/A,"Postal correspondence, NDA agreements, personal data of customers, Contracts",Sample with screenshots of miscellaneous documents,N/A,Service,,,,,,,,,,,,,,
18-02-2023,NYC BAR ASSOCIATION,Law,nycbar.org,USA,Cl0p,N/A,"1,77 TB",Miscellaneous documents,Sample with several folders and screenshots with PII documents,N/A,Law,,,,,,,,,,,,,,
18-02-2023,NESG,Pharma,nesg.com,USA,BianLian,N/A,62 GB,Fileserver data. Clients? data. Technical documents. Financial data.,Sample with files tree and several folders,N/A,Pharma,,,,,,,,,,,,,,
18-02-2023,FIBERTEC,Environmental Services,fibertec.us,USA,BianLian,N/A,400 GB,Accounting. SQL databases. Post archives. QuickBooks databases. Financial,Sample with files tree and several folders,N/A,Service,,,,,,,,,,,,,,
18-02-2023,SINGLESOURCE,Food,singlesource.com,USA,BlackCat,N/A,300 GB,Confidential data,Sample with screenshot of a contract,N/A,Service,,,,,,,,,,,,,,
18-02-2023,SUBURBAN LABORATORIES,Environmental Services,suburbanlabs.com,USA,BianLian,N/A,335 GB,HR. Accounting. SQL databases. Post archives. Financial sheets. Business,Sample with files tree and several folders,N/A,Service,,,,,,,,,,,,,,
18-02-2023,ALLIED INTERNATIONAL,Automotive,alliedtools.com,USA,LockBit3.0,N/A,102 GB,Miscellaneous documents,Sample with screenshots of miscellaneous and financial documents,10th Mar 23,Service,,,,,,,,,,,,,,
18-02-2023,NEWYORKER,Textile Industry,newyorker.de,Germany,BianLian,N/A,340 GB,Marketing data. Business data. Financial data. Client personal data.,Sample with files tree and several folders,05th Mar 23,Service,,,,,,,,,,,,,,
18-02-2023,INTERNATIONAL CENTER OF PHOTOGRAPHY,Photography,icp.org,USA,Medusa,"$ 200,000",N/A,Miscellaneous documents,Sample with screenshots of miscellaneous documents,28th Feb 23,Service,,,,,,,,,,,,,,
18-02-2023,HOTDESK.ME,IT,hotdesk.me,United Kingdom,LockBit3.0,N/A,N/A,Miscellaneous Hotdesk?s documents and their customers such as Barrington James,/,24th Feb 23,IT,,,,,,,,,,,,,,
18-02-2023,SANDY COVE,Tourism,sandycove.org,USA,LockBit3.0,N/A,105 GB,Miscellaneous documents,Sample with screenshots of miscellaneous documents,07th Mar 23,Service,,,,,,,,,,,,,,
18-02-2023,NEWBRIDGE,Facilities Services,newbridge.org,USA,LockBit3.0,N/A,"16,4 GB",Miscellaneous documents,Screenshots with sample of miscellaneous documents,10th Mar 23,Service,,,,,,,,,,,,,,
18-02-2023,WAWASEE COMMUNITY SCHOOL CORPORATION,School,wawasee.k12.in.us,USA,BlackCat,N/A,"9,78 GB",Miscellaneous documents,All the exfiltrated data,Expired,Education,,,,,,,,,,,,,,
18-02-2023,CANSEW,Textile Industry,cansew.com,USA,BlackCat,N/A,"22,7 GB",Miscellaneous documents,All the exfiltrated data,Expired,Service,,,,,,,,,,,,,,
18-02-2023,CORD FINANCIAL SERVICES,Finance,cordfinancial.com,USA,LockBit3.0,N/A,N/A,N/A,/,22nd Feb 23,Bank,,,,,,,,,,,,,,
18-02-2023,INSTITUT SUP?RIEUR D?OST?OPATHIE LYON (ISOST?O LYON),College,isosteo.fr,France,LockBit3.0,N/A,N/A,N/A,/,02nd Mar 23,Education,,,,,,,,,,,,,,
18-02-2023,AGUAS DO PORTO,Utilities,aguasdoporto.pt,Portugal,LockBit3.0,N/A,N/A,N/A,/,07th Mar 23,Service,,,,,,,,,,,,,,
18-02-2023,UNIVERSIDAD DE LA SALLE,College,lasalle.edu.co,Colombia,Cl0p,N/A,N/A,Miscellaneous including PII documents,Sample with several folders and screenshots with PII documents,28th Feb 23,Education,,,,,,,,,,,,,,
18-02-2023,FIKES,Facilities Services,fikes.com,USA,LockBit3.0,N/A,N/A,N/A,/,22nd Sep 23,Service,,,,,,,,,,,,,,
18-02-2023,INNOPHASE,Semiconductor Manufacturing,innophaseinc.com,USA,LockBit3.0,N/A,N/A,N/A,/,23rd Feb 23,Manufacture,,,,,,,,,,,,,,
18-02-2023,PRIMO ROSSI,Insurance,primorossi.com.br,Brazil,LockBit3.0,N/A,N/A,N/A,/,26th Feb 23,Insurance,,,,,,,,,,,,,,
18-02-2023,DIAVAZ GROUP,Oil and Gas,diavaz.com,Mexico,LockBit3.0,N/A,N/A,N/A,/,03rd Mar 23,Oil and Gas,,,,,,,,,,,,,,
18-02-2023,INOWAI,oil and Gas,inowai.com,Luxembourg,LockBit3.0,N/A,N/A,N/A,/,03rd Mar 23,Oil and Gas,,,,,,,,,,,,,,
18-02-2023,CHAMPION FIRE PROTECTION,Construction,championfp.com,USA,LockBit3.0,N/A,N/A,N/A,/,28th Feb 23,Service,,,,,,,,,,,,,,
18-02-2023,BAKER MECHANICAL,IT,bakermechanicalinc.com,USA,LockBit3.0,N/A,N/A,N/A,/,04th Mar 23,IT,,,,,,,,,,,,,,
18-02-2023,JETBOX,Logistics,jetboxcargo.com,USA,LockBit3.0,N/A,N/A,N/A,/,03rd Mar 23,Logistics,,,,,,,,,,,,,,
18-02-2023,JDF SERVICES FINANCIERS,Finance,servicesfinanciersjdf.com,Canada,LockBit3.0,N/A,N/A,N/A,/,01st Mar 23,Bank,,,,,,,,,,,,,,
18-02-2023,LAREMO,IT,laremo.de,USA,LockBit3.0,N/A,N/A,N/A,/,07th Mar 23,IT,,,,,,,,,,,,,,
18-02-2023,ELLIOTT HOMES,Construction,elliotthomes.com,USA,LockBit3.0,N/A,N/A,N/A,/,06th Mar 23,Service,,,,,,,,,,,,,,
18-02-2023,ANTHONY MARTIN,Food and Beverage,anthonymartin.be,Belgium,LockBit3.0,N/A,N/A,N/A,/,05th Mar 23,Service,,,,,,,,,,,,,,
19-02-2023,PIERCE TRANSIT,Truck transportation,piercetransit.org,USA,LockBit3.0,"$ 1,999,999",N/A,"Postal correspondence, NDA agreements, personal data of customers, Contracts",Sample with screenshots of miscellaneous documents,N/A,Service,,,,,,,,,,,,,,
19-02-2023,NYC BAR ASSOCIATION,Law,nycbar.org,USA,Cl0p,N/A,"1,77 TB",Miscellaneous documents,Sample with several folders and screenshots with PII documents,N/A,Law,,,,,,,,,,,,,,
19-02-2023,NESG,Pharma,nesg.com,USA,BianLian,N/A,62 GB,Fileserver data. Clients? data. Technical documents. Financial data.,Sample with files tree and several folders,N/A,Pharma,,,,,,,,,,,,,,
19-02-2023,FIBERTEC,Environmental Services,fibertec.us,USA,BianLian,N/A,400 GB,Accounting. SQL databases. Post archives. QuickBooks databases. Financial,Sample with files tree and several folders,N/A,Service,,,,,,,,,,,,,,
19-02-2023,SINGLESOURCE,Food,singlesource.com,USA,BlackCat,N/A,300 GB,Confidential data,Sample with screenshot of a contract,N/A,Service,,,,,,,,,,,,,,
19-02-2023,SUBURBAN LABORATORIES,Environmental Services,suburbanlabs.com,USA,BianLian,N/A,335 GB,HR. Accounting. SQL databases. Post archives. Financial sheets. Business,Sample with files tree and several folders,N/A,Service,,,,,,,,,,,,,,
19-02-2023,ALLIED INTERNATIONAL,Automotive,alliedtools.com,USA,LockBit3.0,N/A,102 GB,Miscellaneous documents,Sample with screenshots of miscellaneous and financial documents,10th Mar 23,Service,,,,,,,,,,,,,,
19-02-2023,NEWYORKER,Textile Industry,newyorker.de,Germany,BianLian,N/A,340 GB,Marketing data. Business data. Financial data. Client personal data.,Sample with files tree and several folders,05th Mar 23,Service,,,,,,,,,,,,,,
19-02-2023,INTERNATIONAL CENTER OF PHOTOGRAPHY,Photography,icp.org,USA,Medusa,"$ 200,000",N/A,Miscellaneous documents,Sample with screenshots of miscellaneous documents,28th Feb 23,Service,,,,,,,,,,,,,,
19-02-2023,HOTDESK.ME,IT,hotdesk.me,United Kingdom,LockBit3.0,N/A,N/A,Miscellaneous Hotdesk?s documents and their customers such as Barrington James,/,24th Feb 23,IT,,,,,,,,,,,,,,
19-02-2023,SANDY COVE,Tourism,sandycove.org,USA,LockBit3.0,N/A,105 GB,Miscellaneous documents,Sample with screenshots of miscellaneous documents,07th Mar 23,Service,,,,,,,,,,,,,,
19-02-2023,NEWBRIDGE,Facilities Services,newbridge.org,USA,LockBit3.0,N/A,"16,4 GB",Miscellaneous documents,Screenshots with sample of miscellaneous documents,10th Mar 23,Service,,,,,,,,,,,,,,
19-02-2023,WAWASEE COMMUNITY SCHOOL CORPORATION,School,wawasee.k12.in.us,USA,BlackCat,N/A,"9,78 GB",Miscellaneous documents,All the exfiltrated data,Expired,Education,,,,,,,,,,,,,,
19-02-2023,CANSEW,Textile Industry,cansew.com,USA,BlackCat,N/A,"22,7 GB",Miscellaneous documents,All the exfiltrated data,Expired,Service,,,,,,,,,,,,,,
19-02-2023,CORD FINANCIAL SERVICES,Finance,cordfinancial.com,USA,LockBit3.0,N/A,N/A,N/A,/,22nd Feb 23,Bank,,,,,,,,,,,,,,
19-02-2023,INSTITUT SUP?RIEUR D?OST?OPATHIE LYON (ISOST?O LYON),College,isosteo.fr,France,LockBit3.0,N/A,N/A,N/A,/,02nd Mar 23,Education,,,,,,,,,,,,,,
19-02-2023,AGUAS DO PORTO,Utilities,aguasdoporto.pt,Portugal,LockBit3.0,N/A,N/A,N/A,/,07th Mar 23,Service,,,,,,,,,,,,,,
19-02-2023,UNIVERSIDAD DE LA SALLE,College,lasalle.edu.co,Colombia,Cl0p,N/A,N/A,Miscellaneous including PII documents,Sample with several folders and screenshots with PII documents,28th Feb 23,Education,,,,,,,,,,,,,,
19-02-2023,FIKES,Facilities Services,fikes.com,USA,LockBit3.0,N/A,N/A,N/A,/,22nd Sep 23,Service,,,,,,,,,,,,,,
19-02-2023,INNOPHASE,Semiconductor Manufacturing,innophaseinc.com,USA,LockBit3.0,N/A,N/A,N/A,/,23rd Feb 23,Manufacture,,,,,,,,,,,,,,
19-02-2023,PRIMO ROSSI,Insurance,primorossi.com.br,Brazil,LockBit3.0,N/A,N/A,N/A,/,26th Feb 23,Insurance,,,,,,,,,,,,,,
19-02-2023,DIAVAZ GROUP,Oil and Gas,diavaz.com,Mexico,LockBit3.0,N/A,N/A,N/A,/,03rd Mar 23,Oil and Gas,,,,,,,,,,,,,,
19-02-2023,INOWAI,oil and Gas,inowai.com,Luxembourg,LockBit3.0,N/A,N/A,N/A,/,03rd Mar 23,Oil and Gas,,,,,,,,,,,,,,
19-02-2023,CHAMPION FIRE PROTECTION,Construction,championfp.com,USA,LockBit3.0,N/A,N/A,N/A,/,28th Feb 23,Service,,,,,,,,,,,,,,
19-02-2023,BAKER MECHANICAL,IT,bakermechanicalinc.com,USA,LockBit3.0,N/A,N/A,N/A,/,04th Mar 23,IT,,,,,,,,,,,,,,
19-02-2023,JETBOX,Logistics,jetboxcargo.com,USA,LockBit3.0,N/A,N/A,N/A,/,03rd Mar 23,Logistics,,,,,,,,,,,,,,
19-02-2023,JDF SERVICES FINANCIERS,Finance,servicesfinanciersjdf.com,Canada,LockBit3.0,N/A,N/A,N/A,/,01st Mar 23,Bank,,,,,,,,,,,,,,
19-02-2023,LAREMO,IT,laremo.de,USA,LockBit3.0,N/A,N/A,N/A,/,07th Mar 23,IT,,,,,,,,,,,,,,
19-02-2023,ELLIOTT HOMES,Construction,elliotthomes.com,USA,LockBit3.0,N/A,N/A,N/A,/,06th Mar 23,Service,,,,,,,,,,,,,,
19-02-2023,ANTHONY MARTIN,Food and Beverage,anthonymartin.be,Belgium,LockBit3.0,N/A,N/A,N/A,/,05th Mar 23,Service,,,,,,,,,,,,,,
20-02-2023,PIERCE TRANSIT,Truck transportation,piercetransit.org,USA,LockBit3.0,"$ 1,999,999",N/A,"Postal correspondence, NDA agreements, personal data of customers, Contracts",Sample with screenshots of miscellaneous documents,N/A,Service,,,,,,,,,,,,,,
20-02-2023,NYC BAR ASSOCIATION,Law,nycbar.org,USA,Cl0p,N/A,"1,77 TB",Miscellaneous documents,Sample with several folders and screenshots with PII documents,N/A,Law,,,,,,,,,,,,,,
20-02-2023,NESG,Pharma,nesg.com,USA,BianLian,N/A,62 GB,Fileserver data. Clients? data. Technical documents. Financial data.,Sample with files tree and several folders,N/A,Pharma,,,,,,,,,,,,,,
20-02-2023,FIBERTEC,Environmental Services,fibertec.us,USA,BianLian,N/A,400 GB,Accounting. SQL databases. Post archives. QuickBooks databases. Financial,Sample with files tree and several folders,N/A,Service,,,,,,,,,,,,,,
20-02-2023,SINGLESOURCE,Food,singlesource.com,USA,BlackCat,N/A,300 GB,Confidential data,Sample with screenshot of a contract,N/A,Service,,,,,,,,,,,,,,
20-02-2023,SUBURBAN LABORATORIES,Environmental Services,suburbanlabs.com,USA,BianLian,N/A,335 GB,HR. Accounting. SQL databases. Post archives. Financial sheets. Business,Sample with files tree and several folders,N/A,Service,,,,,,,,,,,,,,
20-02-2023,ALLIED INTERNATIONAL,Automotive,alliedtools.com,USA,LockBit3.0,N/A,102 GB,Miscellaneous documents,Sample with screenshots of miscellaneous and financial documents,10th Mar 23,Service,,,,,,,,,,,,,,
20-02-2023,NEWYORKER,Textile Industry,newyorker.de,Germany,BianLian,N/A,340 GB,Marketing data. Business data. Financial data. Client personal data.,Sample with files tree and several folders,05th Mar 23,Service,,,,,,,,,,,,,,
20-02-2023,INTERNATIONAL CENTER OF PHOTOGRAPHY,Photography,icp.org,USA,Medusa,"$ 200,000",N/A,Miscellaneous documents,Sample with screenshots of miscellaneous documents,28th Feb 23,Service,,,,,,,,,,,,,,
20-02-2023,HOTDESK.ME,IT,hotdesk.me,United Kingdom,LockBit3.0,N/A,N/A,Miscellaneous Hotdesk?s documents and their customers such as Barrington James,/,24th Feb 23,IT,,,,,,,,,,,,,,
20-02-2023,SANDY COVE,Tourism,sandycove.org,USA,LockBit3.0,N/A,105 GB,Miscellaneous documents,Sample with screenshots of miscellaneous documents,07th Mar 23,Service,,,,,,,,,,,,,,
20-02-2023,NEWBRIDGE,Facilities Services,newbridge.org,USA,LockBit3.0,N/A,"16,4 GB",Miscellaneous documents,Screenshots with sample of miscellaneous documents,10th Mar 23,Service,,,,,,,,,,,,,,
20-02-2023,WAWASEE COMMUNITY SCHOOL CORPORATION,School,wawasee.k12.in.us,USA,BlackCat,N/A,"9,78 GB",Miscellaneous documents,All the exfiltrated data,Expired,Education,,,,,,,,,,,,,,
20-02-2023,CANSEW,Textile Manufacturing,cansew.com,USA,BlackCat,N/A,"22,7 GB",Miscellaneous documents,All the exfiltrated data,Expired,Manufacture,,,,,,,,,,,,,,
20-02-2023,CORD FINANCIAL SERVICES,Finance,cordfinancial.com,USA,LockBit3.0,N/A,N/A,N/A,/,22nd Feb 23,Bank,,,,,,,,,,,,,,
20-02-2023,INSTITUT SUP?RIEUR D?OST?OPATHIE LYON (ISOST?O LYON),College,isosteo.fr,France,LockBit3.0,N/A,N/A,N/A,/,02nd Mar 23,Education,,,,,,,,,,,,,,
20-02-2023,AGUAS DO PORTO,Utilities,aguasdoporto.pt,Portugal,LockBit3.0,N/A,N/A,N/A,/,07th Mar 23,Service,,,,,,,,,,,,,,
20-02-2023,UNIVERSIDAD DE LA SALLE,College,lasalle.edu.co,Colombia,Cl0p,N/A,N/A,Miscellaneous including PII documents,Sample with several folders and screenshots with PII documents,28th Feb 23,Education,,,,,,,,,,,,,,
20-02-2023,FIKES,Facilities Services,fikes.com,USA,LockBit3.0,N/A,N/A,N/A,/,22nd Sep 23,Service,,,,,,,,,,,,,,
20-02-2023,INNOPHASE,Semiconductor Manufacturing,innophaseinc.com,USA,LockBit3.0,N/A,N/A,N/A,/,23rd Feb 23,Manufacture,,,,,,,,,,,,,,
20-02-2023,PRIMO ROSSI,Insurance,primorossi.com.br,Brazil,LockBit3.0,N/A,N/A,N/A,/,26th Feb 23,Insurance,,,,,,,,,,,,,,
20-02-2023,DIAVAZ GROUP,Oil and Gas,diavaz.com,Mexico,LockBit3.0,N/A,N/A,N/A,/,03rd Mar 23,Oil and Gas,,,,,,,,,,,,,,
20-02-2023,INOWAI,Real Estate,inowai.com,Luxembourg,LockBit3.0,N/A,N/A,N/A,/,03rd Mar 23,Service,,,,,,,,,,,,,,
20-02-2023,CHAMPION FIRE PROTECTION,Construction,championfp.com,USA,LockBit3.0,N/A,N/A,N/A,/,28th Feb 23,Service,,,,,,,,,,,,,,
20-02-2023,BAKER MECHANICAL,IT,bakermechanicalinc.com,USA,LockBit3.0,N/A,N/A,N/A,/,04th Mar 23,IT,,,,,,,,,,,,,,
20-02-2023,JETBOX,Logistics,jetboxcargo.com,USA,LockBit3.0,N/A,N/A,N/A,/,03rd Mar 23,Logistics,,,,,,,,,,,,,,
20-02-2023,JDF SERVICES FINANCIERS,Finance,servicesfinanciersjdf.com,Canada,LockBit3.0,N/A,N/A,N/A,/,01st Mar 23,Bank,,,,,,,,,,,,,,
20-02-2023,LAREMO,IT,laremo.de,USA,LockBit3.0,N/A,N/A,N/A,/,07th Mar 23,IT,,,,,,,,,,,,,,
20-02-2023,ELLIOTT HOMES,Construction,elliotthomes.com,USA,LockBit3.0,N/A,N/A,N/A,/,06th Mar 23,Service,,,,,,,,,,,,,,
20-02-2023,ANTHONY MARTIN,Food and Beverage,anthonymartin.be,Belgium,LockBit3.0,N/A,N/A,N/A,/,05th Mar 23,Service,,,,,,,,,,,,,,
21-02-2023,LAWADAMI,Law,lawadami.com,United Kingdom,BianLian,N/A,500 GB,"Projects, clients? data, various business files, notes and manuals,",100% of the exfiltrated data,N/A,Law,,,,,,,,,,,,,,
21-02-2023,GIGATRON,Electrical,gigatron.rs,Serbia,Qilin,N/A,171 GB,"DB backups of shops, CTRetail_backup, employee disability sheets, github",/,N/A,Service,,,,,,,,,,,,,,
21-02-2023,DALLAS SCHOOL DISTRICT,School,dallasisd.org,USA,Royal,N/A,50 GB,Miscellaneous documents,100% of the exfiltrated data,N/A,Education,,,,,,,,,,,,,,
21-02-2023,HOPSTEINER,Food and Beverage,hopsteiner.com,USA,Lorenz,N/A,"30,8",N/A,Sample with files tree and several downloadable folders,N/A,Service,,,,,,,,,,,,,,
21-02-2023,ANCORA ? SISTEMAS DE FIXACAO,Construction,ancora.com.br,Brazil,Royal,N/A,N/A,N/A,/,N/A,Service,,,,,,,,,,,,,,
21-02-2023,UNIS,Transportation,unisco.com,USA,Royal,N/A,N/A,N/A,/,N/A,Service,,,,,,,,,,,,,,
21-02-2023,CAR LOCK SYSTEMS,Automotive Manufacturing,carlocksystems.com,Netherlands,LockBit3.0,N/A,N/A,N/A,/,06th Mar 23,Manufacture,,,,,,,,,,,,,,
22-02-2023,TR?VES,Motor Vehicle Manufacturing,treves-group.com,France,LockBit3.0,"$ 6,000,000",250 GB,Miscellaneous documents,Sample with VMware ESXi credentials,10th Mar 23,Manufacture,,,,,,,,,,,,,,
22-02-2023,LA SEGUNDA SEGUROS CLSG,Insurance,lasegunda.com.ar,Argentina,LockBit3.0,N/A,"More than 100,000 files",The company?s date was stolen. Insurance information. Personal data of,Sample with a downloadable folder,N/A,Insurance,,,,,,,,,,,,,,
22-02-2023,ENCINOENERGY,Oil and Gas,encinoenergy.com,USA,BlackCat,N/A,400 GB,Miscellaneous documents,/,N/A,Oil and Gas,,,,,,,,,,,,,,
22-02-2023,LA FILIPINA,Manufacturing,lafilgroup.com,Philippines,BlackCat,N/A,421 GB,Confidential data,/,N/A,Manufacture,,,,,,,,,,,,,,
22-02-2023,MARKAS,Facilities Services,markas.com,Austria,BlackCat,N/A,104 GB,Confidential data,/,N/A,Service,,,,,,,,,,,,,,
22-02-2023,SUMMIT BRANDS,Manufacturing,summitbrands.com,USA,BlackCat,N/A,378 GB,Confidential data,/,N/A,Manufacture,,,,,,,,,,,,,,
22-02-2023,FUTURE BUILDINGS,Construction,futurebuildings.com,Canada,BlackCat,N/A,More than 150 GB,"Financial documents and reports, marketing data, personal information about",Sample with screenshots of miscellaneous documents and several downloadable,25th Mar 23,Service,,,,,,,,,,,,,,
22-02-2023,CITY OF LAKEWOOD,Public Sector,lakewood.org,USA,BlackCat,N/A,252 GB,Miscellaneous documents,/,N/A,Public Sector,,,,,,,,,,,,,,
22-02-2023,HIGHWEALTH,Construction,highwealth.com.tw,Taiwan,Vendetta,N/A,Large amount of files (at least 8 GB),"All data bases, accounting documentation",File tree sample with several downloadable folders,26th Feb 23,Service,,,,,,,,,,,,,,
22-02-2023,KOMMER BAVE & CICCONE,Law,kboattorneys.com,USA,LockBit3.0,N/A,N/A,Miscellaneous documents,Sample with screenshots of contracts,02nd Mar 23,Law,,,,,,,,,,,,,,
22-02-2023,LYON & HEALY,Music Industry,lyonhealy.com,USA,LockBit3.0,N/A,N/A,N/A,/,08th Mar 23,Service,,,,,,,,,,,,,,
22-02-2023,BEACON TECHNOLOGIES,IT Services and IT Consulting,beacontech.net,USA,LockBit3.0,N/A,N/A,N/A,/,06th Mar 23,IT,,,,,,,,,,,,,,
22-02-2023,VIRGINIA UNION UNIVERSITY,College,vuu.edu,USA,LockBit3.0,N/A,N/A,N/A,/,10th Mar 23,Education,,,,,,,,,,,,,,
23-02-2023,RAYAB CONSULTING ENGINEERS,Construction,rayabco.com,Iran,Medusa,"$ 800,000",N/A,"Miscellaneous, financial documents",Sample with screenshots of miscellaneous financial documents,05th Mar 23,Service,,,,,,,,,,,,,,
23-02-2023,AESCULAPIUS FARMACEUTICI,Pharma,aesculapius.it,Italy,RansomHouse,N/A,60 GB,"Miscellaneous, clients, contractors, and confidential documents",Evidence packs with several downloadable folders,N/A,Pharma,,,,,,,,,,,,,,
23-02-2023," MOOSE, MARTIN, HAYNES & LUNDY",Finance,mmhlcpa.com,USA,Medusa,"$ 100,000",Large amount of files (at least 100 GB),"Miscellaneous, financial, contracts and confidential documents",Sample with screenshots of miscellaneous documents and the file tree,04th Mar 23,Bank,,,,,,,,,,,,,,
23-02-2023,BOND IT,International Trade and Development,bond-it.co.uk,United Kingdom,RansomHouse,N/A,700 GB,"Miscellaneous, contractors? documents",Evidence packs with several downloadable folders,N/A,Service,,,,,,,,,,,,,,
23-02-2023,SIQUEIRACASTRO,Law,siqueiracastro.com.br,Brazil,LockBit3.0,N/A,470 GB,"Finance, accounts, reports, contracts",Sample with screenshots of miscellaneous documents,15th Mar 23,Law,,,,,,,,,,,,,,
23-02-2023,EDEESTE,"Appliances, Electrical, and Electronics Manufacturing",edeeste.com.do,Dominican Republic,BlackCat,N/A,420 GB,"Miscellaneous, projects, financial and contracts docments",File tree with several downloadable folders,N/A,Manufacture,,,,,,,,,,,,,,
23-02-2023,KENDALL HUNT PUBLISHING,Book and Periodical Publishing,kendallhunt.com,USA,BlackCat,N/A,"84,9 GB",Miscellaneous documents,100% of the exfiltrated data,Expired,Service,,,,,,,,,,,,,,
23-02-2023,BULOG,"Transportation, Logistics, Supply Chain and Storage",bulog.co.id,Indonesia,RansomEXX,N/A,"12,78 GB",Miscellaneous documents,100% of the exfiltrated data,N/A,Logistics,,,,,,,,,,,,,,
23-02-2023,SKYLINE TRISOURCE EXHIBITS,Advertising Services,skylinetrisource.com,USA,LockBit3.0,N/A,N/A,Miscellaneous documents,Sample with screenshots of miscellaneous documents,09th Mar 23,Service,,,,,,,,,,,,,,
23-02-2023,FOSTER FARMS,Food and Beverage Manufacturing,fosterfarms.com,USA,LockBit3.0,N/A,N/A,Miscellaneous documents,Sample with screenshots of miscellaneous documents,07th Mar 23,Service,,,,,,,,,,,,,,
23-02-2023,NOUGAT-CARLIER,Food,nougat-carlier.be,Belgium,LockBit3.0,N/A,"34,7 GB",Miscellaneous documents,Sample with screenshots of miscellaneous documents,15th Mar 23,Service,,,,,,,,,,,,,,
23-02-2023,AASP,Law,aasp.org.br,Brazil,Ragnar Locker,N/A,/,Miscellaneous sensitive documents of customers and partners,Sample with screenshots of miscellaneous documents,25th Feb 23,Law,,,,,,,,,,,,,,
23-02-2023,PRESTIGE MAINTENANCE,Retail and Transportation,prestigeusa.net,USA,BlackCat,N/A,N/A,Contracts with various levels of customers (with all related documents) ? NDA,Sample with downloadable folders,26th Feb 23,Service,,,,,,,,,,,,,,
23-02-2023,FICCI,Finance,ficci.in,India,Mallox,N/A,"1,28 GB",Miscellaneous documents,100% of the exfiltrated data,N/A,Bank,,,,,,,,,,,,,,
23-02-2023,STONE AND ELECTRICAL CONTRACTORS,Electrical,stoneandsons.com,USA,Royal,N/A,N/A,N/A,/,N/A,Service,,,,,,,,,,,,,,
24-02-2023,THE KEEN GROUP,IT/Technology,thekeengroup.co.uk,United Kingdom,BlackCat,N/A,44 GB,"Financial records, customer data and other critical files.",Sample with screenshots of several folders,N/A,IT,,,,,,,,,,,,,,
24-02-2023,GLOVERS SOLICITORS LLP,College,glovers.co.uk,United Kingdom,BlackCat,N/A,446 GB,"Internal Company Data (Employees personal data, CV?s, DL?s, ID?s, SSN?s,",Sample with screenshots of PII documents and credit cards,N/A,Education,,,,,,,,,,,,,,
24-02-2023,SMARTER CAPITAL,Construction,smartercapital.net,Australia,BlackCat,N/A,N/A,Data of employees and customers. Financial documents. Projects and other,Sample with screenshots of miscellaneous documents and the file tree,N/A,Service,,,,,,,,,,,,,,
24-02-2023,CALIFORNIA NORTHSTATE UNIVERSITY,Pharma,cnsu.edu,USA,AvosLocker,N/A,N/A,"Student admissions data include Name, Social Security Number, Date of Birth,",Sample with screenshots of student documents,N/A,Pharma,,,,,,,,,,,,,,
25-02-2023,INDIKA ENERGY GLOBAL,Finance,indikaenergy.co.id,Indonesia,BlackCat,N/A,"69,76 GB","Corporate data (financial statements, employee data, partner network accesses",/,N/A,Bank,,,,,,,,,,,,,,
25-02-2023,INPRO,International Trade and Development,inpro-electric.de,Germany,Play,N/A,360 GB,"Private and personal confidential data, a lot of technical documentation, IDs,",8 GB including 50 passports,N/A,Service,,,,,,,,,,,,,,
25-02-2023,IL &FS,Law,ilfsindia.com,India,LockBit3.0,"$ 299,000",N/A,"Contracts, personal data, passports, postal correspondence, financial",/,09th Mar 23,Law,,,,,,,,,,,,,,
25-02-2023,COTTEE PARKER,"Appliances, Electrical, and Electronics Manufacturing",cotteeparker.com.au,Australia,LockBit3.0,"$ 499,000",N/A,"Postal correspondence, contracts. Confidential and non-disclosure agreements.",Sample with screenshots of miscellaneous documents,09th Mar 23,Manufacture,,,,,,,,,,,,,,
25-02-2023,iSPACE,Book and Periodical Publishing,ispace.com,USA,LockBit3.0,N/A,100 GB,"Miscellaneous, confidential and PII documents","Sample with screenshots of miscellaneous, confidential and PII documents",08th Mar 23,Service,,,,,,,,,,,,,,
25-02-2023,G &G ELECTRONICS,"Transportation, Logistics, Supply Chain and Storage",ggelectronics.com,USA,BianLian,N/A,320 GB,"Marketing content, HR, business data, accounting data",100% of the exfiltrated data,N/A,Logistics,,,,,,,,,,,,,,
25-02-2023,THINK WELTY,Advertising Services,thinkwelty.com,USA,BlackCat,N/A,"1,7 TB",Personal and corporate data,/,N/A,Service,,,,,,,,,,,,,,
25-02-2023,HAK GRAZBACHGASSE,Food and Beverage Manufacturing,hak-graz.at,Austria,BianLian,N/A,331 GB,Miscellaneous documents,100% of the exfiltrated data,N/A,Service,,,,,,,,,,,,,,
25-02-2023,ADVANCE2000,Food,advance2000.com,USA,BianLian,N/A,80 GB,"SQL databases, client?s data: adresses, phone numbers, emails, birth dates,",Sample with screenshots of miscellaneous documents,100% of the exfiltrated data,Service,,,,,,,,,,,,,,
25-02-2023,ANXA,Law,anxa.com,France,BianLian,N/A,60 GB,"Client?s data: full names, addresses, emails, birth dates, etc., finance,",100% of the exfiltrated data,N/A,Law,,,,,,,,,,,,,,
25-02-2023,THOMPSON SAFETY,Retail and Transportation,thompson-safety.com,USA,BianLian,N/A,130 GB,"HR, business, employee data, finance.",100% of the exfiltrated data,N/A,Service,,,,,,,,,,,,,,
25-02-2023,DELAWARE LIFE,Finance,delawarelife.com,USA,LockBit3.0,N/A,N/A,N/A,/,N/A,Bank,,,,,,,,,,,,,,
25-02-2023,SCHWARTZ HAUTMONT PORT SHOP,Electrical,shcm.es,Spain,Royal,N/A,N/A,N/A,/,N/A,Service,,,,,,,,,,,,,,
26-02-2023,INDIKA ENERGY GLOBAL,Energy,indikaenergy.co.id,Indonesia,BlackCat,N/A,"69,76 GB","Corporate data (financial statements, employee data, partner network accesses",/,N/A,Service,,,,,,,,,,,,,,
26-02-2023,INPRO,Wholesale Building Materials,inpro-electric.de,Germany,Play,N/A,360 GB,"Private and personal confidential data, a lot of technical documentation, IDs,",8 GB including 50 passports,N/A,Service,,,,,,,,,,,,,,
26-02-2023,IL &FS,Construction,ilfsindia.com,India,LockBit3.0,"$ 299,000",N/A,"Contracts, personal data, passports, postal correspondence, financial",/,09th Mar 23,Service,,,,,,,,,,,,,,
26-02-2023,COTTEE PARKER,Architecture and Planning,cotteeparker.com.au,Australia,LockBit3.0,"$ 499,000",N/A,"Postal correspondence, contracts. Confidential and non-disclosure agreements.",Sample with screenshots of miscellaneous documents,09th Mar 23,Service,,,,,,,,,,,,,,
26-02-2023,iSPACE,Information Technology & Services,ispace.com,USA,LockBit3.0,N/A,100 GB,"Miscellaneous, confidential and PII documents","Sample with screenshots of miscellaneous, confidential and PII documents",08th Mar 23,Service,,,,,,,,,,,,,,
26-02-2023,G &G ELECTRONICS,Computers and Electronics Manufacturing,ggelectronics.com,USA,BianLian,N/A,320 GB,"Marketing content, HR, business data, accounting data",100% of the exfiltrated data,N/A,Manufacture,,,,,,,,,,,,,,
26-02-2023,THINK WELTY,Construction,thinkwelty.com,USA,BlackCat,N/A,"1,7 TB",Personal and corporate data,/,N/A,Service,,,,,,,,,,,,,,
26-02-2023,HAK GRAZBACHGASSE,Unknown,hak-graz.at,Austria,BianLian,N/A,331 GB,Miscellaneous documents,100% of the exfiltrated data,N/A,NA,,,,,,,,,,,,,,
26-02-2023,ADVANCE2000,IT/Technology,advance2000.com,USA,BianLian,N/A,80 GB,"SQL databases, client?s data: adresses, phone numbers, emails, birth dates,",Sample with screenshots of miscellaneous documents,100% of the exfiltrated data,IT,,,,,,,,,,,,,,
26-02-2023,ANXA,Wellness Solutions,anxa.com,France,BianLian,N/A,60 GB,"Client?s data: full names, addresses, emails, birth dates, etc., finance,",100% of the exfiltrated data,N/A,Service,,,,,,,,,,,,,,
26-02-2023,THOMPSON SAFETY,Facilities Services,thompson-safety.com,USA,BianLian,N/A,130 GB,"HR, business, employee data, finance.",100% of the exfiltrated data,N/A,Service,,,,,,,,,,,,,,
26-02-2023,DELAWARE LIFE,Insurance,delawarelife.com,USA,LockBit3.0,N/A,N/A,N/A,/,N/A,Insurance,,,,,,,,,,,,,,
26-02-2023,SCHWARTZ HAUTMONT PORT SHOP,Oil and Gas,shcm.es,Spain,Royal,N/A,N/A,N/A,/,N/A,Oil and Gas,,,,,,,,,,,,,,
27-02-2023,INDIKA ENERGY GLOBAL,Energy,indikaenergy.co.id,Indonesia,BlackCat,N/A,"69,76 GB","Corporate data (financial statements, employee data, partner network accesses",/,N/A,Service,,,,,,,,,,,,,,
27-02-2023,INPRO,Wholesale Building Materials,inpro-electric.de,Germany,Play,N/A,360 GB,"Private and personal confidential data, a lot of technical documentation, IDs,",8 GB including 50 passports,N/A,Service,,,,,,,,,,,,,,
27-02-2023,IL &FS,Construction,ilfsindia.com,India,LockBit3.0,"$ 299,000",N/A,"Contracts, personal data, passports, postal correspondence, financial",/,09th Mar 23,Service,,,,,,,,,,,,,,
27-02-2023,COTTEE PARKER,Architecture and Planning,cotteeparker.com.au,Australia,LockBit3.0,"$ 499,000",N/A,"Postal correspondence, contracts. Confidential and non-disclosure agreements.",Sample with screenshots of miscellaneous documents,09th Mar 23,Service,,,,,,,,,,,,,,
27-02-2023,iSPACE,Information Technology & Services,ispace.com,USA,LockBit3.0,N/A,100 GB,"Miscellaneous, confidential and PII documents","Sample with screenshots of miscellaneous, confidential and PII documents",08th Mar 23,Service,,,,,,,,,,,,,,
27-02-2023,G &G ELECTRONICS,Computers and Electronics Manufacturing,ggelectronics.com,USA,BianLian,N/A,320 GB,"Marketing content, HR, business data, accounting data",100% of the exfiltrated data,N/A,Manufacture,,,,,,,,,,,,,,
27-02-2023,THINK WELTY,Construction,thinkwelty.com,USA,BlackCat,N/A,"1,7 TB",Personal and corporate data,/,N/A,Service,,,,,,,,,,,,,,
27-02-2023,HAK GRAZBACHGASSE,Unknown,hak-graz.at,Austria,BianLian,N/A,331 GB,Miscellaneous documents,100% of the exfiltrated data,N/A,Na,,,,,,,,,,,,,,
27-02-2023,ADVANCE2000,IT/Technology,advance2000.com,USA,BianLian,N/A,80 GB,"SQL databases, clients data: adresses, phone numbers, emails, birth dates,",Sample with screenshots of miscellaneous documents,100% of the exfiltrated data,IT,,,,,,,,,,,,,,
27-02-2023,ANXA,Wellness Solutions,anxa.com,France,BianLian,N/A,60 GB,"Clients data: full names, addresses, emails, birth dates, etc., finance,",100% of the exfiltrated data,N/A,Service,,,,,,,,,,,,,,
27-02-2023,THOMPSON SAFETY,Facilities Services,thompson-safety.com,USA,BianLian,N/A,130 GB,"HR, business, employee data, finance.",100% of the exfiltrated data,N/A,Service,,,,,,,,,,,,,,
27-02-2023,DELAWARE LIFE,Insurance,delawarelife.com,USA,LockBit3.0,N/A,N/A,N/A,/,N/A,Insurance,,,,,,,,,,,,,,
27-02-2023,SCHWARTZ HAUTMONT PORT SHOP,Oil and Gas,shcm.es,Spain,Royal,N/A,N/A,N/A,/,N/A,Oil and Gas,,,,,,,,,,,,,,
28-02-2023,CONVEX,Internet,convex.ru,Russia,Caxxii (Anonymous affiliate),N/A,"128 GB including 150,129 accounts","Email addresses, IP addresses, Names, Phone, detailing the Kremlins alleged",100% of the exfiltrated data,N/A,Service,,,,,,,,,,,,,,
28-02-2023,COOLE BEVIS SOLICITORS,Law,coolebevislaw.com,USA,BlackCat,N/A,770 GB,"Internal company data (Employees personal data, CVs, DLs, IDs, Financial",Sample with screenshots of miscellaneous and PII documents,N/A,Law,,,,,,,,,,,,,,
28-02-2023,WHITE SETTLEMENT INDEPENDENT SCHOOL DISTRICT,School District,wsisd.com,USA,LockBit3.0,N/A,461 GB,Miscellaneous including PII documents,"Sample with screenshots of miscellaneous, PII documents",20th Mar 23,Education,,,,,,,,,,,,,,
28-02-2023,HEMERIA,Aviation & Aerospace,hemeria-group.com,France,Snatch,N/A,"59,5 GB",Miscellaneous including projects draws,100% of the exfiltrated data,N/A,Aviation,,,,,,,,,,,,,,
28-02-2023,ROSENBAUER,Automotive,rosenbauer.com,Germany,LockBit3.0,N/A,232 GB,Miscellaneous including confidential documents,"Sample with screenshots of miscellaneous, confidential documents",18th Mar 23,Service,,,,,,,,,,,,,,
28-02-2023,P.C. PRODUCTS INTERNATIONAL,Vehicle Parts Manufacturing,pcproductsinter.com,Thailand,LockBit3.0,N/A,189 GB,Miscellaneous documents,Sample with screenshots of miscellaneous documents,20th Mar 23,Manufacture,,,,,,,,,,,,,,
28-02-2023,CARVER AERO,Aviation and Aerospace Component Manufacturing,carveraero.com,USA,LockBit3.0,N/A,145 GB,Miscellaneous including PII documents,"Sample with screenshots of miscellaneous, PII documents",20th Mar 23,Manufacture,,,,,,,,,,,,,,
28-02-2023,BOCCA-SACS,Wholesale,bocca-sacs.com,France,LockBit3.0,N/A,73 GB,Miscellaneous documents,Sample with screenshots of miscellaneous documents,20th Mar 23,Service,,,,,,,,,,,,,,
28-02-2023,CHOWTAIFOOK,Luxury Goods & Jewelry,chowtaifook.com,China,Vendetta,N/A,At least 10 GB,"All data bases, accounting documentation",100% of the exfiltrated data,N/A,Service,,,,,,,,,,,,,,
28-02-2023,MINISTRY OF COMMERCE AND INDUSTRY,Public Sector,moci.gov.kw,Kuwait,LockBit3.0,N/A,"23,3 GB",Miscellaneous documents,Sample with screenshots of miscellaneous documents,16th Mar 23,public sector,,,,,,,,,,,,,,
28-02-2023,HYOSUNG,Fashion,hyosung.jp,Japan,LockBit3.0,"$ 30,000",N/A,N/A,/,11th Mar 23,Service,,,,,,,,,,,,,,
28-02-2023,WASHINGTON COUNTY SHERIFFS OFFICE,Public Sector,wcso.us,USA,LockBit3.0,N/A,N/A,Miscellaneous including PII documents,"Sample with screenshots of miscellaneous, PII documents",20th Feb 23,public sector,,,,,,,,,,,,,,
28-02-2023,INGENICO,Finance,ingenico.com,France,Snatch,N/A,N/A,Miscellaneous documents,Sample with screenshots of miscellaneous documents,N/A,Bank,,,,,,,,,,,,,,
28-02-2023,MSX INTERNATIONAL,Motor Vehicle Manufacturing,msxi.com,USA,Snatch,N/A,N/A,N/A,/,N/A,Manufacture,,,,,,,,,,,,,,
28-02-2023,LSA INTERNATIONAL,Manufacturing,lsa-international.com,United Kingdom,LockBit3.0,N/A,N/A,N/A,/,16th Mar 23,Manufacture,,,,,,,,,,,,,,
